Peak_23845	ENSG00000187634.10	924879	107583
Peak_54490	ENSG00000187634.10	924879	107583
Peak_67130	ENSG00000187634.10	924879	107583
Peak_22173	ENSG00000187634.10	924879	20614
Peak_39088	ENSG00000187634.10	924879	20614
Peak_21162	ENSG00000187634.10	924879	1200
Peak_20098	ENSG00000131591.17	1116361	5727
Peak_233916	ENSG00000162571.13	1173883	16503
Peak_24251	ENSG00000162571.13	1173883	16503
Peak_62286	ENSG00000162571.13	1173883	16503
Peak_8947	ENSG00000162571.13	1173883	16503
Peak_223436	ENSG00000186891.13	1206691	1382
Peak_39962	ENSG00000186891.13	1206691	1382
Peak_37551	ENSG00000162576.16	1361777	282
Peak_28508	ENSG00000205116.3	1426127	4126
Peak_33336	ENSG00000205116.3	1426127	4126
Peak_40715	ENSG00000205116.3	1426127	4126
Peak_59235	ENSG00000179403.11	1434860	1578
Peak_22309	ENSG00000179403.11	1434860	529
Peak_58833	ENSG00000197785.13	1512150	7462
Peak_78587	ENSG00000197785.13	1512150	7462
Peak_153154	ENSG00000197785.13	1512150	6802
Peak_33133	ENSG00000197785.13	1512150	6802
Peak_101843	ENSG00000189409.12	1632094	1103
Peak_33652	ENSG00000189409.12	1632094	1103
Peak_100741	ENSG00000008130.15	1780457	1658
Peak_78655	ENSG00000008130.15	1780457	1658
Peak_94809	ENSG00000008130.15	1780457	1658
Peak_10207	ENSG00000169885.9	1914826	6393
Peak_207703	ENSG00000169885.9	1914826	6393
Peak_31010	ENSG00000169885.9	1914826	6393
Peak_7738	ENSG00000169885.9	1914826	6393
Peak_11612	ENSG00000162585.16	2212720	1229
Peak_75415	ENSG00000162585.16	2212720	1229
Peak_28978	ENSG00000116151.13	2391707	80184
Peak_75451	ENSG00000116151.13	2391707	77334
Peak_250432	ENSG00000116151.13	2391707	76802
Peak_54121	ENSG00000116151.13	2391707	76802
Peak_25612	ENSG00000157873.17	2555638	9696
Peak_40005	ENSG00000157873.17	2555638	9696
Peak_53716	ENSG00000157873.17	2555638	8761
Peak_47826	ENSG00000157873.17	2555638	7540
Peak_34332	ENSG00000157873.17	2555638	6936
Peak_35300	ENSG00000157870.14	2586490	1182
Peak_36517	ENSG00000157870.14	2586490	1182
Peak_12580	ENSG00000162592.8	3752397	5324
Peak_32117	ENSG00000196581.10	4654731	315491
Peak_46374	ENSG00000196581.10	4654731	315491
Peak_76073	ENSG00000196581.10	4654731	315491
Peak_21456	ENSG00000007923.15	6701924	41281
Peak_229246	ENSG00000007923.15	6701924	41281
Peak_68410	ENSG00000007923.15	6701924	41281
Peak_65483	ENSG00000116285.12	8026308	20926
Peak_36338	ENSG00000116285.12	8026308	34954
Peak_102260	ENSG00000116285.12	8026308	37365
Peak_58653	ENSG00000116285.12	8026308	37365
Peak_51752	ENSG00000116285.12	8026308	50787
Peak_90534	ENSG00000116285.12	8026308	51862
Peak_39862	ENSG00000116285.12	8026308	56808
Peak_81082	ENSG00000116285.12	8026308	90694
Peak_5979	ENSG00000116285.12	8026308	94777
Peak_75448	ENSG00000116285.12	8026308	94777
Peak_47074	ENSG00000116285.12	8026308	106922
Peak_26277	ENSG00000116285.12	8026308	107357
Peak_9687	ENSG00000116285.12	8026308	107357
Peak_11975	ENSG00000116285.12	8026308	143158
Peak_147137	ENSG00000116285.12	8026308	143158
Peak_74754	ENSG00000116285.12	8026308	143158
Peak_98776	ENSG00000116285.12	8026308	143158
Peak_43134	ENSG00000162426.14	8317825	143427
Peak_35807	ENSG00000162426.14	8317825	127902
Peak_46512	ENSG00000162426.14	8317825	120029
Peak_9679	ENSG00000162426.14	8317825	115688
Peak_9963	ENSG00000162426.14	8317825	115688
Peak_102209	ENSG00000162426.14	8317825	113318
Peak_42307	ENSG00000162426.14	8317825	100815
Peak_63932	ENSG00000162426.14	8317825	100815
Peak_68348	ENSG00000162426.14	8317825	78794
Peak_62058	ENSG00000162426.14	8317825	78178
Peak_5768	ENSG00000074800.13	8879249	30580
Peak_61552	ENSG00000074800.13	8879249	10217
Peak_10970	ENSG00000074800.13	8879249	10753
Peak_47055	ENSG00000074800.13	8879249	10753
Peak_13685	ENSG00000197241.3	9026345	40186
Peak_152929	ENSG00000180758.11	9129170	20719
Peak_232592	ENSG00000180758.11	9129170	52166
Peak_72043	ENSG00000180758.11	9129170	52166
Peak_175139	ENSG00000180758.11	9129170	52769
Peak_201044	ENSG00000180758.11	9129170	52769
Peak_27858	ENSG00000171621.13	9292879	78501
Peak_32932	ENSG00000171621.13	9292879	78501
Peak_65058	ENSG00000171621.13	9292879	83062
Peak_10571	ENSG00000171621.13	9292879	83594
Peak_84482	ENSG00000171621.13	9292879	83594
Peak_91989	ENSG00000171621.13	9292879	83594
Peak_110940	ENSG00000171621.13	9292879	91567
Peak_19761	ENSG00000171621.13	9292879	91851
Peak_72145	ENSG00000171621.13	9292879	95983
Peak_27737	ENSG00000171621.13	9292879	119861
Peak_99910	ENSG00000171621.13	9292879	119861
Peak_151966	ENSG00000171621.13	9292879	120704
Peak_174914	ENSG00000171621.13	9292879	120704
Peak_52488	ENSG00000171621.13	9292879	120704
Peak_3604	ENSG00000171612.6	9539481	110911
Peak_94796	ENSG00000171612.6	9539481	100901
Peak_143744	ENSG00000171612.6	9539481	97902
Peak_86099	ENSG00000171612.6	9539481	97902
Peak_47179	ENSG00000171612.6	9539481	72397
Peak_150271	ENSG00000171603.16	9824526	913
Peak_25304	ENSG00000171603.16	9824526	913
Peak_17596	ENSG00000280113.1	9828258	7579
Peak_28817	ENSG00000280113.1	9828258	7579
Peak_62490	ENSG00000142657.20	10398591	10721
Peak_79411	ENSG00000130940.14	10796650	161169
Peak_84479	ENSG00000130940.14	10796650	161169
Peak_40788	ENSG00000130940.14	10796650	160642
Peak_27481	ENSG00000130940.14	10796650	70240
Peak_78705	ENSG00000130940.14	10796650	70240
Peak_12942	ENSG00000177674.15	11736083	4427
Peak_66325	ENSG00000177674.15	11736083	4427
Peak_63915	ENSG00000120937.8	11858931	21911
Peak_67322	ENSG00000120937.8	11858931	21911
Peak_22027	ENSG00000116685.15	11926428	7639
Peak_43657	ENSG00000028137.16	12167002	5270
Peak_16142	ENSG00000162496.8	12617731	98953
Peak_74595	ENSG00000162496.8	12617731	98953
Peak_78903	ENSG00000162496.8	12617731	98953
Peak_16044	ENSG00000162496.8	12617731	77899
Peak_18934	ENSG00000162496.8	12617731	77899
Peak_90912	ENSG00000162496.8	12617731	76178
Peak_43456	ENSG00000162496.8	12617731	68954
Peak_48463	ENSG00000162496.8	12617731	68954
Peak_61720	ENSG00000162496.8	12617731	68954
Peak_64392	ENSG00000162496.8	12617731	61458
Peak_8479	ENSG00000162496.8	12617731	61458
Peak_43494	ENSG00000162496.8	12617731	1314
Peak_27113	ENSG00000162496.8	12617731	2137
Peak_12907	ENSG00000162494.5	13514048	26756
Peak_67643	ENSG00000162494.5	13514048	29935
Peak_23208	ENSG00000189337.15	14598703	294370
Peak_38914	ENSG00000189337.15	14598703	294370
Peak_85703	ENSG00000189337.15	14598703	111744
Peak_71541	ENSG00000189337.15	14598703	81584
Peak_21436	ENSG00000142621.19	15247271	4080
Peak_25004	ENSG00000197312.11	15617499	14384
Peak_7472	ENSG00000197312.11	15617499	14384
Peak_79002	ENSG00000197312.11	15617499	14384
Peak_92956	ENSG00000116786.11	15684331	1217
Peak_46503	ENSG00000233954.6	15809348	10234
Peak_40011	ENSG00000233954.6	15809348	9856
Peak_175451	ENSG00000233954.6	15809348	9105
Peak_43852	ENSG00000233954.6	15809348	9105
Peak_53350	ENSG00000186510.11	16018874	6088
Peak_29064	ENSG00000186510.11	16018874	5605
Peak_18019	ENSG00000142627.12	16156087	19539
Peak_263756	ENSG00000142627.12	16156087	19539
Peak_49888	ENSG00000142627.12	16156087	19539
Peak_66452	ENSG00000142627.12	16156087	25454
Peak_6920	ENSG00000142627.12	16156087	25454
Peak_71343	ENSG00000142627.12	16156087	25454
Peak_3477	ENSG00000142632.16	16212609	4421
Peak_39071	ENSG00000142632.16	16212609	4421
Peak_127499	ENSG00000132881.11	16237162	7090
Peak_44950	ENSG00000132881.11	16237162	7090
Peak_131540	ENSG00000268991.2	16539065	40567
Peak_55412	ENSG00000268991.2	16539065	40567
Peak_70875	ENSG00000268991.2	16539065	40567
Peak_9248	ENSG00000268991.2	16539065	40567
Peak_22783	ENSG00000237847.2	16673002	28727
Peak_56978	ENSG00000237847.2	16673002	28727
Peak_8619	ENSG00000237847.2	16673002	28727
Peak_30187	ENSG00000279132.1	16734461	9212
Peak_47131	ENSG00000279132.1	16734461	9212
Peak_16070	ENSG00000074964.16	17539834	37461
Peak_92145	ENSG00000074964.16	17539834	37461
Peak_5586	ENSG00000074964.16	17539834	8232
Peak_207835	ENSG00000169991.10	18956686	5502
Peak_36462	ENSG00000169991.10	18956686	5502
Peak_18056	ENSG00000169991.10	18956686	54084
Peak_65443	ENSG00000077549.17	19485539	19421
Peak_76552	ENSG00000077549.17	19485539	19421
Peak_63709	ENSG00000077549.17	19485539	44056
Peak_44023	ENSG00000077549.17	19485539	46977
Peak_104502	ENSG00000173436.13	19596976	33492
Peak_52819	ENSG00000173436.13	19596976	33492
Peak_17121	ENSG00000117215.14	20119566	8898
Peak_21583	ENSG00000158786.4	20139325	12630
Peak_226818	ENSG00000158786.4	20139325	12630
Peak_207578	ENSG00000187980.6	20177424	1026
Peak_21579	ENSG00000187980.6	20177424	1026
Peak_12743	ENSG00000162543.5	20186084	2338
Peak_152655	ENSG00000162543.5	20186084	2338
Peak_147664	ENSG00000162545.5	20486220	8406
Peak_25061	ENSG00000076864.19	21669363	3894
Peak_40337	ENSG00000142798.17	21937297	5687
Peak_102182	ENSG00000142798.17	21937297	7047
Peak_55731	ENSG00000142798.17	21937297	19487
Peak_10902	ENSG00000142789.19	22001655	23257
Peak_35441	ENSG00000142789.19	22001655	23257
Peak_58576	ENSG00000142789.19	22001655	23257
Peak_6249	ENSG00000142789.19	22001655	23257
Peak_25700	ENSG00000070831.15	22052626	21200
Peak_178050	ENSG00000162552.14	22143969	35708
Peak_48495	ENSG00000162552.14	22143969	35708
Peak_99160	ENSG00000162552.14	22143969	35708
Peak_23273	ENSG00000215906.8	22965338	3976
Peak_129768	ENSG00000125945.14	23369442	7478
Peak_25465	ENSG00000125945.14	23369442	7478
Peak_42271	ENSG00000125945.14	23369442	7478
Peak_14252	ENSG00000007968.6	23531220	47
Peak_56633	ENSG00000117318.8	23559794	5318
Peak_9362	ENSG00000117318.8	23559794	5318
Peak_23429	ENSG00000117318.8	23559794	2295
Peak_2998	ENSG00000117318.8	23559794	2295
Peak_207296	ENSG00000117318.8	23559794	8043
Peak_61606	ENSG00000117318.8	23559794	8043
Peak_76403	ENSG00000117318.8	23559794	9024
Peak_22746	ENSG00000197880.8	23581494	4121
Peak_23405	ENSG00000188822.7	23913362	6475
Peak_66104	ENSG00000188822.7	23913362	6475
Peak_17384	ENSG00000188529.14	23980927	37710
Peak_56215	ENSG00000188529.14	23980927	39212
Peak_35177	ENSG00000188529.14	23980927	64863
Peak_91387	ENSG00000188529.14	23980927	64863
Peak_98985	ENSG00000188529.14	23980927	64863
Peak_19345	ENSG00000158055.15	24319321	29339
Peak_13401	ENSG00000158055.15	24319321	24954
Peak_26356	ENSG00000158055.15	24319321	24954
Peak_34707	ENSG00000158055.15	24319321	24954
Peak_21919	ENSG00000169504.14	24745356	40060
Peak_154010	ENSG00000169504.14	24745356	9465
Peak_52829	ENSG00000169504.14	24745356	9465
Peak_60444	ENSG00000020633.18	24965121	57363
Peak_49990	ENSG00000020633.18	24965121	57710
Peak_20889	ENSG00000117614.9	25232502	618
Peak_14498	ENSG00000117614.9	25232502	7112
Peak_7957	ENSG00000117614.9	25232502	7112
Peak_17547	ENSG00000117643.14	25617467	1435
Peak_47483	ENSG00000117643.14	25617467	1435
Peak_6778	ENSG00000117643.14	25617467	1435
Peak_10177	ENSG00000182749.5	25871253	3714
Peak_144846	ENSG00000182749.5	25871253	3714
Peak_43769	ENSG00000182749.5	25871253	3714
Peak_57712	ENSG00000182749.5	25871253	3714
Peak_10353	ENSG00000198830.10	26472449	27610
Peak_13883	ENSG00000198830.10	26472449	27610
Peak_175786	ENSG00000198830.10	26472449	27610
Peak_24670	ENSG00000198830.10	26472449	27610
Peak_24731	ENSG00000117713.17	26696032	18598
Peak_11494	ENSG00000117713.17	26696032	3148
Peak_59054	ENSG00000060642.10	26787471	543
Peak_17103	ENSG00000060642.10	26787471	11890
Peak_42980	ENSG00000060642.10	26787471	11890
Peak_16366	ENSG00000158246.7	27012836	18645
Peak_111971	ENSG00000181773.6	27392643	9759
Peak_147422	ENSG00000181773.6	27392643	9759
Peak_51399	ENSG00000181773.6	27392643	9759
Peak_56347	ENSG00000181773.6	27392643	9759
Peak_67661	ENSG00000181773.6	27392643	9759
Peak_252945	ENSG00000158195.10	27490158	13771
Peak_254049	ENSG00000158195.10	27490158	13771
Peak_22007	ENSG00000158195.10	27490158	14270
Peak_29455	ENSG00000158195.10	27490158	14270
Peak_37576	ENSG00000158195.10	27490158	14270
Peak_48597	ENSG00000158195.10	27490158	31379
Peak_17393	ENSG00000158195.10	27490158	35363
Peak_20831	ENSG00000158195.10	27490158	37892
Peak_23662	ENSG00000158195.10	27490158	37892
Peak_45237	ENSG00000158195.10	27490158	37892
Peak_60365	ENSG00000158195.10	27490158	37892
Peak_44394	ENSG00000126709.14	27672218	12548
Peak_9904	ENSG00000126709.14	27672218	12548
Peak_41187	ENSG00000126709.14	27672218	9035
Peak_1512	ENSG00000130770.17	28236108	11015
Peak_52713	ENSG00000120656.11	28643085	4949
Peak_60765	ENSG00000120656.11	28643085	4949
Peak_7476	ENSG00000120656.11	28643085	4949
Peak_9215	ENSG00000120656.11	28643085	4949
Peak_35803	ENSG00000116329.10	28812141	37010
Peak_29245	ENSG00000159023.18	28887090	4965
Peak_10899	ENSG00000159023.18	28887090	2102
Peak_14146	ENSG00000253304.1	29123935	324
Peak_18380	ENSG00000253304.1	29123935	324
Peak_41091	ENSG00000253304.1	29123935	324
Peak_36361	ENSG00000253304.1	29123935	9724
Peak_124004	ENSG00000162510.5	30723587	86508
Peak_58532	ENSG00000162510.5	30723587	86508
Peak_49991	ENSG00000162510.5	30723587	85996
Peak_41637	ENSG00000162510.5	30723587	53303
Peak_84677	ENSG00000162510.5	30723587	29637
Peak_28698	ENSG00000162510.5	30723587	28149
Peak_67416	ENSG00000162510.5	30723587	25785
Peak_26171	ENSG00000162510.5	30723587	22618
Peak_13523	ENSG00000162510.5	30723587	19276
Peak_43895	ENSG00000162510.5	30723587	18455
Peak_50211	ENSG00000162510.5	30723587	16950
Peak_201924	ENSG00000162511.7	30757820	5493
Peak_24086	ENSG00000162511.7	30757820	5493
Peak_39770	ENSG00000162511.7	30757820	43973
Peak_46141	ENSG00000162511.7	30757820	43973
Peak_101208	ENSG00000162511.7	30757820	51654
Peak_126413	ENSG00000162511.7	30757820	51654
Peak_34363	ENSG00000162511.7	30757820	51654
Peak_40388	ENSG00000162511.7	30757820	58348
Peak_40829	ENSG00000162511.7	30757820	58348
Peak_26269	ENSG00000162511.7	30757820	60763
Peak_64610	ENSG00000162511.7	30757820	60763
Peak_4129	ENSG00000162511.7	30757820	66106
Peak_802	ENSG00000162511.7	30757820	66106
Peak_38713	ENSG00000162512.15	30908761	61237
Peak_39308	ENSG00000162512.15	30908761	56687
Peak_78321	ENSG00000162512.15	30908761	52546
Peak_42632	ENSG00000162512.15	30908761	2609
Peak_21614	ENSG00000084628.9	31239554	84873
Peak_23582	ENSG00000084628.9	31239554	84873
Peak_154049	ENSG00000142910.15	31576484	12438
Peak_47171	ENSG00000142910.15	31576484	12438
Peak_76588	ENSG00000142910.15	31576484	12438
Peak_87628	ENSG00000142910.15	31576484	12438
Peak_45268	ENSG00000142910.15	31576484	2550
Peak_36422	ENSG00000142910.15	31576484	11327
Peak_53831	ENSG00000142910.15	31576484	11327
Peak_100427	ENSG00000142910.15	31576484	12165
Peak_150716	ENSG00000142910.15	31576484	12165
Peak_195367	ENSG00000142910.15	31576484	12165
Peak_176128	ENSG00000084636.17	31704319	204
Peak_64380	ENSG00000084636.17	31704319	204
Peak_24177	ENSG00000084636.17	31704319	894
Peak_1142	ENSG00000084636.17	31704319	10194
Peak_13527	ENSG00000084636.17	31704319	10194
Peak_59083	ENSG00000084636.17	31704319	10194
Peak_9991	ENSG00000084636.17	31704319	10194
Peak_17514	ENSG00000184007.17	31944856	9832
Peak_70019	ENSG00000184007.17	31944856	9832
Peak_46232	ENSG00000184007.17	31944856	11125
Peak_35021	ENSG00000121775.17	32072030	8670
Peak_146163	ENSG00000183615.5	32247232	7272
Peak_26659	ENSG00000183615.5	32247232	7004
Peak_33986	ENSG00000183615.5	32247232	7004
Peak_53162	ENSG00000183615.5	32247232	6200
Peak_63323	ENSG00000183615.5	32247232	6200
Peak_36766	ENSG00000116514.16	32964685	8090
Peak_68788	ENSG00000116514.16	32964685	8090
Peak_43080	ENSG00000116514.16	32964685	24577
Peak_128548	ENSG00000142920.16	33081103	45885
Peak_3639	ENSG00000142920.16	33081103	45885
Peak_66470	ENSG00000116525.13	33182059	38833
Peak_48948	ENSG00000160094.14	33256544	27359
Peak_34512	ENSG00000184389.9	33321098	20349
Peak_58741	ENSG00000134686.16	33431052	2759
Peak_109988	ENSG00000134686.16	33431052	12376
Peak_30175	ENSG00000134686.16	33431052	12376
Peak_20165	ENSG00000121903.14	33472644	16764
Peak_28965	ENSG00000121903.14	33472644	16764
Peak_37705	ENSG00000121903.14	33472644	11653
Peak_15290	ENSG00000121903.14	33472644	2120
Peak_65467	ENSG00000197056.9	35059785	61217
Peak_76593	ENSG00000116560.10	35193148	29557
Peak_87638	ENSG00000116560.10	35193148	29557
Peak_93108	ENSG00000146463.11	35268966	4065
Peak_16684	ENSG00000054116.11	36156053	27255
Peak_252004	ENSG00000054116.11	36156053	27255
Peak_148341	ENSG00000054116.11	36156053	31753
Peak_33243	ENSG00000054116.11	36156053	31753
Peak_9525	ENSG00000054116.11	36156053	31753
Peak_179633	ENSG00000054118.13	36224415	24113
Peak_2170	ENSG00000196182.10	36385896	559
Peak_102399	ENSG00000196182.10	36385896	1162
Peak_145208	ENSG00000163873.9	37034129	276
Peak_28207	ENSG00000163874.8	37474551	19789
Peak_29044	ENSG00000163874.8	37474551	19789
Peak_16143	ENSG00000163874.8	37474551	2814
Peak_109135	ENSG00000163874.8	37474551	12643
Peak_38171	ENSG00000163874.8	37474551	12643
Peak_81592	ENSG00000116922.14	37692249	15790
Peak_40132	ENSG00000127603.23	39081315	4867
Peak_124920	ENSG00000168389.17	39955111	2584
Peak_78420	ENSG00000168389.17	39955111	2584
Peak_114300	ENSG00000117013.14	40784011	1637
Peak_194064	ENSG00000117013.14	40784011	1637
Peak_206361	ENSG00000117013.14	40784011	1637
Peak_265111	ENSG00000117013.14	40784011	1637
Peak_24379	ENSG00000117013.14	40784011	622
Peak_34625	ENSG00000179862.6	40862366	17158
Peak_99183	ENSG00000179862.6	40862366	5219
Peak_30058	ENSG00000179862.6	40862366	15318
Peak_34978	ENSG00000171793.13	40979334	34976
Peak_21868	ENSG00000171793.13	40979334	34426
Peak_9623	ENSG00000171793.13	40979334	34426
Peak_61054	ENSG00000171793.13	40979334	11804
Peak_48779	ENSG00000204060.5	41361921	47846
Peak_38753	ENSG00000204060.5	41361921	42024
Peak_25744	ENSG00000204060.5	41361921	25842
Peak_17437	ENSG00000127129.9	41484673	52233
Peak_40786	ENSG00000127129.9	41484673	52233
Peak_42360	ENSG00000127129.9	41484673	52233
Peak_6516	ENSG00000127129.9	41484673	28976
Peak_19405	ENSG00000127129.9	41484673	10239
Peak_7970	ENSG00000127129.9	41484673	10239
Peak_70667	ENSG00000127129.9	41484673	11033
Peak_7006	ENSG00000127129.9	41484673	11355
Peak_75446	ENSG00000127129.9	41484673	12169
Peak_46193	ENSG00000127129.9	41484673	15852
Peak_44026	ENSG00000197273.3	42164718	7880
Peak_61745	ENSG00000197273.3	42164718	7880
Peak_64163	ENSG00000197273.3	42164718	7880
Peak_24968	ENSG00000117394.19	42959173	3536
Peak_47173	ENSG00000117394.19	42959173	14162
Peak_115129	ENSG00000066056.13	43300992	5560
Peak_174842	ENSG00000066056.13	43300992	5560
Peak_43458	ENSG00000196517.11	44031467	5132
Peak_29729	ENSG00000196517.11	44031467	16270
Peak_77865	ENSG00000196517.11	44031467	16270
Peak_31540	ENSG00000196517.11	44031467	28241
Peak_35929	ENSG00000196517.11	44031467	28241
Peak_12429	ENSG00000142945.12	44739817	9271
Peak_14075	ENSG00000142945.12	44739817	9271
Peak_15569	ENSG00000142945.12	44739817	9271
Peak_173101	ENSG00000142945.12	44739817	9271
Peak_14173	ENSG00000188396.3	44806675	565
Peak_9888	ENSG00000188396.3	44806675	565
Peak_30136	ENSG00000117461.14	46133036	95987
Peak_131547	ENSG00000197587.10	46506995	40591
Peak_141992	ENSG00000197587.10	46506995	40591
Peak_71900	ENSG00000197587.10	46506995	40591
Peak_21378	ENSG00000269113.3	47996895	245018
Peak_254148	ENSG00000269113.3	47996895	411
Peak_39366	ENSG00000269113.3	47996895	411
Peak_27309	ENSG00000132122.11	48472208	21875
Peak_11154	ENSG00000162377.5	52698366	4574
Peak_19559	ENSG00000162377.5	52698366	4574
Peak_52136	ENSG00000162377.5	52698366	11973
Peak_127159	ENSG00000162383.11	53142632	3253
Peak_43973	ENSG00000162383.11	53142632	3253
Peak_200593	ENSG00000157184.5	53196428	19852
Peak_28972	ENSG00000157184.5	53196428	19852
Peak_46164	ENSG00000157184.5	53196428	19852
Peak_39332	ENSG00000116212.14	53946076	36027
Peak_50198	ENSG00000116212.14	53946076	36027
Peak_112275	ENSG00000157216.15	54413479	61233
Peak_165630	ENSG00000157216.15	54413479	61233
Peak_208415	ENSG00000157216.15	54413479	61233
Peak_225939	ENSG00000157216.15	54413479	61233
Peak_39851	ENSG00000157216.15	54413479	61233
Peak_49977	ENSG00000157216.15	54413479	61233
Peak_53988	ENSG00000157216.15	54413479	61233
Peak_6549	ENSG00000162390.17	54542256	54277
Peak_195659	ENSG00000162390.17	54542256	53056
Peak_49703	ENSG00000162390.17	54542256	53056
Peak_32795	ENSG00000162390.17	54542256	43135
Peak_76054	ENSG00000162390.17	54542256	43135
Peak_36117	ENSG00000162396.5	54764514	7583
Peak_70791	ENSG00000162396.5	54764514	11643
Peak_39677	ENSG00000162396.5	54764514	12948
Peak_65475	ENSG00000143001.4	54980791	7553
Peak_148461	ENSG00000162402.13	55215113	62003
Peak_54540	ENSG00000162402.13	55215113	62003
Peak_13534	ENSG00000162402.13	55215113	228170
Peak_68259	ENSG00000162402.13	55215113	228170
Peak_32200	ENSG00000162402.13	55215113	297444
Peak_57127	ENSG00000162402.13	55215113	304851
Peak_27342	ENSG00000162402.13	55215113	307261
Peak_39132	ENSG00000162402.13	55215113	307261
Peak_66650	ENSG00000162402.13	55215113	321500
Peak_43032	ENSG00000162402.13	55215113	360497
Peak_63605	ENSG00000162402.13	55215113	360497
Peak_23526	ENSG00000162402.13	55215113	365694
Peak_24844	ENSG00000162402.13	55215113	365694
Peak_59729	ENSG00000162402.13	55215113	454207
Peak_95088	ENSG00000162402.13	55215113	455325
Peak_110361	ENSG00000162402.13	55215113	503644
Peak_22740	ENSG00000162402.13	55215113	503644
Peak_28623	ENSG00000162402.13	55215113	566804
Peak_33028	ENSG00000162402.13	55215113	566804
Peak_34063	ENSG00000162402.13	55215113	598547
Peak_48952	ENSG00000162407.8	56645301	701506
Peak_44043	ENSG00000162407.8	56645301	588756
Peak_50037	ENSG00000162407.8	56645301	588756
Peak_165431	ENSG00000162407.8	56645301	571310
Peak_52834	ENSG00000162407.8	56645301	571310
Peak_24054	ENSG00000162407.8	56645301	498837
Peak_146821	ENSG00000162407.8	56645301	268933
Peak_26698	ENSG00000162407.8	56645301	268933
Peak_28953	ENSG00000162407.8	56645301	198819
Peak_60925	ENSG00000162407.8	56645301	198819
Peak_66359	ENSG00000162407.8	56645301	193105
Peak_85886	ENSG00000162407.8	56645301	193105
Peak_58262	ENSG00000162407.8	56645301	192246
Peak_71401	ENSG00000162407.8	56645301	192246
Peak_31218	ENSG00000184292.6	58577773	6602
Peak_27231	ENSG00000177606.6	58784327	29068
Peak_65478	ENSG00000177606.6	58784327	19921
Peak_95095	ENSG00000177606.6	58784327	19921
Peak_25319	ENSG00000177606.6	58784327	10926
Peak_17659	ENSG00000177606.6	58784327	30901
Peak_81612	ENSG00000177606.6	58784327	64589
Peak_76608	ENSG00000177606.6	58784327	90535
Peak_86172	ENSG00000177606.6	58784327	112376
Peak_14409	ENSG00000177606.6	58784327	137949
Peak_26458	ENSG00000177606.6	58784327	184155
Peak_92581	ENSG00000177606.6	58784327	184155
Peak_23391	ENSG00000177606.6	58784327	229024
Peak_34337	ENSG00000177606.6	58784327	229024
Peak_57755	ENSG00000177606.6	58784327	229024
Peak_45040	ENSG00000177606.6	58784327	235908
Peak_13249	ENSG00000172456.17	59296637	252850
Peak_173263	ENSG00000172456.17	59296637	244450
Peak_205395	ENSG00000172456.17	59296637	244450
Peak_29937	ENSG00000172456.17	59296637	239434
Peak_7240	ENSG00000172456.17	59296637	145605
Peak_38756	ENSG00000162604.12	61725423	233953
Peak_27927	ENSG00000162604.12	61725423	87170
Peak_38709	ENSG00000116641.16	62688368	1875
Peak_46450	ENSG00000187140.5	63323040	6098
Peak_246634	ENSG00000187140.5	63323040	847
Peak_63675	ENSG00000187140.5	63323040	847
Peak_111985	ENSG00000142856.16	63593721	80744
Peak_123945	ENSG00000142856.16	63593721	80744
Peak_19851	ENSG00000142856.16	63593721	80744
Peak_25499	ENSG00000185483.11	63774021	82028
Peak_13429	ENSG00000185483.11	63774021	75761
Peak_154145	ENSG00000185483.11	63774021	42459
Peak_87663	ENSG00000185483.11	63774021	42459
Peak_110099	ENSG00000162434.11	64966504	35734
Peak_16161	ENSG00000162434.11	64966504	35734
Peak_17867	ENSG00000162434.11	64966504	35734
Peak_23815	ENSG00000162434.11	64966504	35734
Peak_34159	ENSG00000118473.21	66533382	131178
Peak_25645	ENSG00000118473.21	66533382	83470
Peak_27064	ENSG00000118473.21	66533382	83470
Peak_50296	ENSG00000116717.11	67685060	94672
Peak_113674	ENSG00000172380.5	67833467	4827
Peak_94656	ENSG00000172380.5	67833467	4827
Peak_208088	ENSG00000116729.13	68233120	88037
Peak_32776	ENSG00000116729.13	68233120	88037
Peak_234088	ENSG00000116729.13	68233120	89778
Peak_56175	ENSG00000116729.13	68233120	89778
Peak_58421	ENSG00000116729.13	68233120	89778
Peak_61894	ENSG00000116729.13	68233120	94405
Peak_62535	ENSG00000033122.18	69568397	463326
Peak_143000	ENSG00000033122.18	69568397	1244
Peak_144056	ENSG00000033122.18	69568397	1244
Peak_205713	ENSG00000033122.18	69568397	1244
Peak_28205	ENSG00000033122.18	69568397	1244
Peak_68801	ENSG00000132485.12	71081297	8733
Peak_81630		0	1000000
Peak_11811	ENSG00000137941.16	83999150	847943
Peak_80002	ENSG00000137941.16	83999150	847943
Peak_66829	ENSG00000137941.16	83999150	357779
Peak_115451	ENSG00000137941.16	83999150	357299
Peak_54935	ENSG00000137941.16	83999150	357299
Peak_67836	ENSG00000137941.16	83999150	357299
Peak_22633	ENSG00000117151.12	84574480	30030
Peak_109355	ENSG00000117155.16	84690803	7405
Peak_18671	ENSG00000117155.16	84690803	7405
Peak_199981	ENSG00000117155.16	84690803	28754
Peak_78742	ENSG00000117155.16	84690803	28754
Peak_17216	ENSG00000117155.16	84690803	94218
Peak_223245	ENSG00000117155.16	84690803	94218
Peak_57207	ENSG00000097096.8	85201046	19660
Peak_65305	ENSG00000162642.13	85259672	19290
Peak_100454	ENSG00000162642.13	85259672	14841
Peak_30382	ENSG00000142867.12	85277090	20629
Peak_84595	ENSG00000142867.12	85277090	20629
Peak_128042	ENSG00000142871.15	85580760	18397
Peak_55437	ENSG00000142871.15	85580760	48287
Peak_93113	ENSG00000142871.15	85580760	48287
Peak_169561	ENSG00000016490.15	86468367	35021
Peak_41366	ENSG00000016490.15	86468367	35021
Peak_42608	ENSG00000016490.15	86468367	35021
Peak_54419	ENSG00000016490.15	86468367	35021
Peak_43176	ENSG00000097033.14	86704569	52950
Peak_29936	ENSG00000143013.12	87328467	120809
Peak_69674	ENSG00000143013.12	87328467	316048
Peak_101931	ENSG00000143013.12	87328467	358075
Peak_114554	ENSG00000143013.12	87328467	358075
Peak_69791	ENSG00000143013.12	87328467	358075
Peak_175274	ENSG00000143013.12	87328467	452939
Peak_46574	ENSG00000143013.12	87328467	452939
Peak_39464	ENSG00000143013.12	87328467	574237
Peak_66527	ENSG00000143013.12	87328467	639746
Peak_109542	ENSG00000143013.12	87328467	640032
Peak_37702	ENSG00000143013.12	87328467	640032
Peak_13932	ENSG00000143032.7	90717237	134046
Peak_77813	ENSG00000143032.7	90717237	134046
Peak_42200	ENSG00000097046.12	91500892	68969
Peak_73616	ENSG00000097046.12	91500892	74119
Peak_73451	ENSG00000097046.12	91500892	81646
Peak_111856	ENSG00000097046.12	91500892	83940
Peak_90353	ENSG00000097046.12	91500892	83940
Peak_50130	ENSG00000097046.12	91500892	103761
Peak_17966	ENSG00000097046.12	91500892	121781
Peak_33194	ENSG00000097046.12	91500892	149873
Peak_32508	ENSG00000154511.11	92961522	792
Peak_40570	ENSG00000137936.16	93847150	634
Peak_86041	ENSG00000137936.16	93847150	634
Peak_23912	ENSG00000117525.13	94541800	106364
Peak_68807	ENSG00000117525.13	94541800	116412
Peak_8969	ENSG00000143036.16	94820341	106616
Peak_18634	ENSG00000143036.16	94820341	76527
Peak_111109	ENSG00000143036.16	94820341	37034
Peak_15032	ENSG00000143036.16	94820341	37034
Peak_61090	ENSG00000143036.16	94820341	27075
Peak_21775	ENSG00000143036.16	94820341	18346
Peak_44341	ENSG00000143036.16	94820341	18346
Peak_34444	ENSG00000143036.16	94820341	16815
Peak_36093	ENSG00000117519.15	94927278	28545
Peak_21151	ENSG00000122481.16	95234154	701346
Peak_93957	ENSG00000122481.16	95234154	701346
Peak_166476	ENSG00000117569.18	96721664	305604
Peak_48441	ENSG00000117569.18	96721664	305604
Peak_174844	ENSG00000117569.18	96721664	239442
Peak_92515	ENSG00000117569.18	96721664	239442
Peak_94022	ENSG00000117569.18	96721664	234393
Peak_125065	ENSG00000117569.18	96721664	201592
Peak_60457	ENSG00000117569.18	96721664	201592
Peak_48210	ENSG00000117569.18	96721664	201078
Peak_28314	ENSG00000117569.18	96721664	183486
Peak_7040	ENSG00000117569.18	96721664	183486
Peak_154328	ENSG00000117569.18	96721664	37837
Peak_38929	ENSG00000117569.18	96721664	37837
Peak_246867	ENSG00000117569.18	96721664	143932
Peak_31136	ENSG00000117569.18	96721664	143932
Peak_93196	ENSG00000117569.18	96721664	212902
Peak_57927	ENSG00000117569.18	96721664	246892
Peak_100927	ENSG00000156869.12	99766631	41725
Peak_148632	ENSG00000156869.12	99766631	41725
Peak_7037	ENSG00000156869.12	99766631	41725
Peak_81261	ENSG00000156869.12	99766631	41725
Peak_174291	ENSG00000198890.7	107056678	335004
Peak_76333	ENSG00000198890.7	107056678	335004
Peak_172721	ENSG00000198890.7	107056678	304094
Peak_47819	ENSG00000198890.7	107056678	303606
Peak_14811	ENSG00000198890.7	107056678	177256
Peak_24256	ENSG00000162631.18	107140006	390330
Peak_247107	ENSG00000162631.18	107140006	390330
Peak_28463	ENSG00000215717.5	109089802	9992
Peak_6272	ENSG00000215717.5	109089802	9992
Peak_86841	ENSG00000215717.5	109089802	9992
Peak_165390	ENSG00000143126.7	109250018	9928
Peak_35626	ENSG00000143126.7	109250018	9928
Peak_63211	ENSG00000143126.7	109250018	9928
Peak_20680	ENSG00000156097.12	109539871	7569
Peak_30141	ENSG00000156097.12	109539871	7569
Peak_74224	ENSG00000156097.12	109539871	7569
Peak_85760	ENSG00000198758.10	109764027	28147
Peak_102258	ENSG00000198758.10	109764027	43456
Peak_197850	ENSG00000198758.10	109764027	57130
Peak_75131	ENSG00000198758.10	109764027	57130
Peak_100184	ENSG00000198758.10	109764027	59898
Peak_57301	ENSG00000184371.13	109910241	71384
Peak_116678	ENSG00000184371.13	109910241	46047
Peak_26180	ENSG00000184371.13	109910241	38161
Peak_23515	ENSG00000184371.13	109910241	32940
Peak_111008	ENSG00000184371.13	109910241	26891
Peak_58468	ENSG00000184371.13	109910241	26891
Peak_123882	ENSG00000184371.13	109910241	26074
Peak_228590	ENSG00000184371.13	109910241	26074
Peak_47153	ENSG00000184371.13	109910241	20912
Peak_33892	ENSG00000168710.17	109984685	30467
Peak_100309	ENSG00000156150.6	110070700	13241
Peak_130472	ENSG00000156150.6	110070700	13241
Peak_19036	ENSG00000156150.6	110070700	13241
Peak_48487	ENSG00000156150.6	110070700	13241
Peak_19608	ENSG00000186150.4	110112467	8478
Peak_37982	ENSG00000186150.4	110112467	8478
Peak_15864	ENSG00000116396.13	110211342	1406
Peak_84541	ENSG00000116396.13	110211342	1406
Peak_84944	ENSG00000116396.13	110211342	1406
Peak_37637	ENSG00000143105.6	110518838	36527
Peak_43583	ENSG00000143105.6	110518838	37357
Peak_50834	ENSG00000143105.6	110518838	37357
Peak_114611	ENSG00000171385.9	111989155	1438
Peak_126909	ENSG00000171385.9	111989155	1438
Peak_197432	ENSG00000171385.9	111989155	1438
Peak_36226	ENSG00000171385.9	111989155	2283
Peak_109617	ENSG00000143079.14	112396180	78980
Peak_194361	ENSG00000143079.14	112396180	78980
Peak_225485	ENSG00000143079.14	112396180	77396
Peak_33444	ENSG00000143079.14	112396180	37338
Peak_39572	ENSG00000143079.14	112396180	36170
Peak_12467	ENSG00000143079.14	112396180	5352
Peak_168546	ENSG00000143079.14	112396180	5352
Peak_32504	ENSG00000143079.14	112396180	1989
Peak_24101	ENSG00000155367.15	112715477	852
Peak_42291	ENSG00000155380.11	112957013	476
Peak_42901	ENSG00000155380.11	112957013	25892
Peak_15410	ENSG00000155380.11	112957013	40754
Peak_30959	ENSG00000155380.11	112957013	41726
Peak_79709	ENSG00000155380.11	112957013	41726
Peak_131892	ENSG00000134207.14	114153919	72500
Peak_50690	ENSG00000134207.14	114153919	72500
Peak_67247	ENSG00000134207.14	114153919	72500
Peak_228213	ENSG00000197323.10	114511160	165216
Peak_24017	ENSG00000197323.10	114511160	165216
Peak_8420	ENSG00000197323.10	114511160	165216
Peak_32457	ENSG00000197323.10	114511160	157868
Peak_59693	ENSG00000197323.10	114511160	141148
Peak_41949	ENSG00000134198.9	115089500	1082
Peak_19686	ENSG00000134198.9	115089500	9833
Peak_50573	ENSG00000134198.9	115089500	9833
Peak_144605	ENSG00000134198.9	115089500	68688
Peak_59277	ENSG00000134198.9	115089500	100681
Peak_62478	ENSG00000134259.3	115338236	104723
Peak_42641	ENSG00000134259.3	115338236	86973
Peak_201922	ENSG00000134259.3	115338236	25492
Peak_58735	ENSG00000134259.3	115338236	25492
Peak_60714	ENSG00000134259.3	115338236	25492
Peak_21325	ENSG00000134259.3	115338236	27513
Peak_102088	ENSG00000118729.11	115768781	2875
Peak_18933	ENSG00000118729.11	115768781	2875
Peak_38856	ENSG00000177551.5	115843917	15765
Peak_70572	ENSG00000177551.5	115843917	15765
Peak_114951	ENSG00000173212.4	116111754	39971
Peak_14988	ENSG00000173212.4	116111754	39971
Peak_167738	ENSG00000173212.4	116111754	56465
Peak_20519	ENSG00000173212.4	116111754	56465
Peak_16714	ENSG00000163399.15	116372667	45572
Peak_43428	ENSG00000163399.15	116372667	45572
Peak_67905	ENSG00000134247.9	116910056	56246
Peak_47146	ENSG00000134247.9	116910056	31991
Peak_48489	ENSG00000134247.9	116910056	31991
Peak_79455	ENSG00000134247.9	116910056	31991
Peak_147443	ENSG00000116830.11	117060302	8823
Peak_85702	ENSG00000116830.11	117060302	8823
Peak_24493	ENSG00000183508.4	117605933	76379
Peak_103552	ENSG00000183508.4	117605933	80147
Peak_14746	ENSG00000183508.4	117605933	89890
Peak_44591	ENSG00000183508.4	117605933	89890
Peak_41685	ENSG00000196505.10	117929630	148911
Peak_67668	ENSG00000196505.10	117929630	148911
Peak_90532	ENSG00000196505.10	117929630	148911
Peak_100185	ENSG00000196505.10	117929630	114507
Peak_116258	ENSG00000196505.10	117929630	114507
Peak_114907	ENSG00000196505.10	117929630	108452
Peak_23082	ENSG00000196505.10	117929630	107882
Peak_84566	ENSG00000196505.10	117929630	102779
Peak_18968	ENSG00000196505.10	117929630	101519
Peak_55995	ENSG00000116882.14	119368778	41656
Peak_9651	ENSG00000116882.14	119368778	41656
Peak_33630	ENSG00000134249.6	119896495	22877
Peak_33893	ENSG00000162825.16	145405778	19314
Peak_52807	ENSG00000162825.16	145405778	19314
Peak_644	ENSG00000121851.12	145964701	14589
Peak_263782	ENSG00000265972.5	145996600	11285
Peak_48767	ENSG00000265972.5	145996600	11285
Peak_93091	ENSG00000265972.5	145996600	10777
Peak_19180	ENSG00000265972.5	145996600	2736
Peak_14447	ENSG00000265972.5	145996600	10585
Peak_32774	ENSG00000168509.18	146021918	15002
Peak_46507	ENSG00000116128.9	147541411	2286
Peak_61335	ENSG00000280649.1	148458813	124185
Peak_85733	ENSG00000280649.1	148458813	124185
Peak_11534	ENSG00000280649.1	148458813	70591
Peak_21312	ENSG00000280649.1	148458813	70591
Peak_51123	ENSG00000280649.1	148458813	70591
Peak_33026	ENSG00000136631.12	150067292	5679
Peak_4021	ENSG00000143401.14	150236156	22660
Peak_51643	ENSG00000143401.14	150236156	22660
Peak_23977	ENSG00000118298.10	150257158	1381
Peak_79056	ENSG00000118298.10	150257158	1381
Peak_33633	ENSG00000159208.15	150282542	1179
Peak_1530	ENSG00000143369.14	150508061	7048
Peak_230721	ENSG00000143369.14	150508061	7048
Peak_49239	ENSG00000143382.13	150549368	11287
Peak_1565	ENSG00000143382.13	150549368	11610
Peak_16272	ENSG00000143382.13	150549368	11610
Peak_9189	ENSG00000143382.13	150549368	11610
Peak_35700	ENSG00000143384.12	150579738	12005
Peak_10482	ENSG00000143384.12	150579738	11622
Peak_148143	ENSG00000143412.9	150982016	2627
Peak_61250	ENSG00000143412.9	150982016	2627
Peak_209017	ENSG00000143442.21	151459465	13771
Peak_41375	ENSG00000143442.21	151459465	13771
Peak_54979	ENSG00000143442.21	151459465	13771
Peak_18691	ENSG00000143367.15	151540304	711
Peak_39835	ENSG00000159445.12	151909808	35984
Peak_27461	ENSG00000197747.8	151994390	21641
Peak_28406	ENSG00000143536.7	152414263	33893
Peak_166981	ENSG00000143556.8	153460701	29569
Peak_31276	ENSG00000143556.8	153460701	29569
Peak_59208	ENSG00000143556.8	153460701	29569
Peak_10350	ENSG00000197956.9	153536244	29489
Peak_12667	ENSG00000197956.9	153536244	3094
Peak_53692	ENSG00000197956.9	153536244	2437
Peak_102256	ENSG00000196754.10	153567890	506
Peak_43460	ENSG00000196754.10	153567890	506
Peak_16594	ENSG00000196754.10	153567890	4639
Peak_109750	ENSG00000169418.9	153678636	18572
Peak_123624	ENSG00000169418.9	153678636	18572
Peak_45841	ENSG00000169418.9	153678636	18572
Peak_67559	ENSG00000169418.9	153678636	18572
Peak_10324	ENSG00000143554.13	153774353	15766
Peak_61885	ENSG00000143554.13	153774353	15766
Peak_6891	ENSG00000143554.13	153774353	15766
Peak_70031	ENSG00000143554.13	153774353	15766
Peak_26441	ENSG00000143545.8	153986358	404
Peak_103919	ENSG00000143515.16	154325552	27161
Peak_51859	ENSG00000143515.16	154325552	27474
Peak_57267	ENSG00000143515.16	154325552	27474
Peak_94051	ENSG00000243364.7	155063730	930
Peak_41070	ENSG00000143590.13	155078871	15148
Peak_114140	ENSG00000169242.11	155127459	1279
Peak_125730	ENSG00000169242.11	155127459	1279
Peak_27908	ENSG00000169242.11	155127459	1279
Peak_24528	ENSG00000163463.11	155173475	6670
Peak_40761	ENSG00000163463.11	155173475	6670
Peak_56484	ENSG00000163463.11	155173475	6670
Peak_73661	ENSG00000163463.11	155173475	6670
Peak_13195	ENSG00000185499.16	155192916	74
Peak_143454	ENSG00000185499.16	155192916	74
Peak_98822	ENSG00000185499.16	155192916	74
Peak_13681	ENSG00000185499.16	155192916	1417
Peak_49402	ENSG00000185499.16	155192916	1417
Peak_46777	ENSG00000177628.15	155244699	17693
Peak_52245	ENSG00000177628.15	155244699	17334
Peak_694	ENSG00000177628.15	155244699	17334
Peak_29443	ENSG00000125459.14	155610204	38176
Peak_3593	ENSG00000163374.19	155689000	56332
Peak_64634	ENSG00000163374.19	155689000	56332
Peak_37668	ENSG00000196189.12	156147365	6673
Peak_60997	ENSG00000196189.12	156147365	6673
Peak_98230	ENSG00000196189.12	156147365	6673
Peak_1460	ENSG00000125462.16	156430701	25762
Peak_30837	ENSG00000125462.16	156430701	25762
Peak_4564	ENSG00000125462.16	156430701	25762
Peak_50285	ENSG00000125462.16	156430701	25762
Peak_18350	ENSG00000116604.17	156500828	2012
Peak_45524	ENSG00000116604.17	156500828	4159
Peak_9441	ENSG00000116604.17	156500828	4159
Peak_32791	ENSG00000116604.17	156500828	7604
Peak_7317	ENSG00000116604.17	156500828	9812
Peak_29957	ENSG00000160818.16	156601496	6628
Peak_152167	ENSG00000132702.12	156619293	4198
Peak_64143	ENSG00000132702.12	156619293	4198
Peak_38589	ENSG00000132702.12	156619293	2966
Peak_115376	ENSG00000132688.10	156677397	17414
Peak_14552	ENSG00000132688.10	156677397	17414
Peak_58848	ENSG00000132688.10	156677397	12510
Peak_198253	ENSG00000132688.10	156677397	9958
Peak_48168	ENSG00000132688.10	156677397	9958
Peak_73736	ENSG00000132688.10	156677397	534
Peak_27811	ENSG00000143320.8	156705816	858
Peak_19379	ENSG00000143320.8	156705816	3982
Peak_21767	ENSG00000187800.13	156893697	1556
Peak_40397	ENSG00000183853.17	157993272	1255
Peak_51725	ENSG00000183853.17	157993272	1255
Peak_171026	ENSG00000158473.6	158179946	30293
Peak_4865	ENSG00000158473.6	158179946	30293
Peak_150429	ENSG00000163565.18	158999967	1403
Peak_58266	ENSG00000163565.18	158999967	1403
Peak_93898	ENSG00000163565.18	158999967	1403
Peak_18339	ENSG00000162706.12	159171608	10552
Peak_20312	ENSG00000162706.12	159171608	10552
Peak_47165	ENSG00000162723.9	159954254	35353
Peak_19775	ENSG00000162729.13	160098943	2095
Peak_71099	ENSG00000162729.13	160098943	3345
Peak_28484	ENSG00000188931.3	161367874	14305
Peak_49255	ENSG00000188931.3	161367874	14305
Peak_123963	ENSG00000188931.3	161367874	21759
Peak_3154	ENSG00000188931.3	161367874	21759
Peak_4026	ENSG00000188931.3	161367874	21759
Peak_50815	ENSG00000188931.3	161367874	21759
Peak_195349	ENSG00000162745.10	162023854	50912
Peak_142948	ENSG00000162745.10	162023854	50053
Peak_34396	ENSG00000162745.10	162023854	50053
Peak_153614	ENSG00000198929.12	162069773	7291
Peak_54984	ENSG00000198929.12	162069773	7291
Peak_20710	ENSG00000117143.13	162561505	20126
Peak_224935	ENSG00000117143.13	162561505	20126
Peak_21179	ENSG00000117143.13	162561505	13338
Peak_179089	ENSG00000162733.16	162631372	17901
Peak_32571	ENSG00000162733.16	162631372	17901
Peak_102778	ENSG00000162733.16	162631372	5171
Peak_225583	ENSG00000162733.16	162631372	5171
Peak_90932	ENSG00000162733.16	162631372	335
Peak_50846	ENSG00000117152.13	163068774	35802
Peak_76534	ENSG00000143248.12	163321791	59818
Peak_67985	ENSG00000143248.12	163321791	85008
Peak_28576	ENSG00000143248.12	163321791	114438
Peak_26413	ENSG00000143248.12	163321791	118257
Peak_109501	ENSG00000143248.12	163321791	216966
Peak_42979	ENSG00000143248.12	163321791	216966
Peak_87559	ENSG00000143248.12	163321791	352045
Peak_11497	ENSG00000185630.18	164555583	259769
Peak_78951	ENSG00000185630.18	164555583	259769
Peak_84086	ENSG00000185630.18	164555583	234669
Peak_59704	ENSG00000185630.18	164555583	185808
Peak_68690	ENSG00000185630.18	164555583	372672
Peak_67488	ENSG00000185630.18	164555583	373462
Peak_11350	ENSG00000185630.18	164555583	394120
Peak_15735	ENSG00000185630.18	164555583	394120
Peak_18859	ENSG00000185630.18	164555583	394120
Peak_44876	ENSG00000185630.18	164555583	394120
Peak_9857	ENSG00000185630.18	164555583	394120
Peak_43799	ENSG00000162761.14	165356715	373818
Peak_32704	ENSG00000162761.14	165356715	293510
Peak_46958	ENSG00000162761.14	165356715	293510
Peak_47918	ENSG00000162761.14	165356715	293510
Peak_85831	ENSG00000162761.14	165356715	283235
Peak_17871	ENSG00000162761.14	165356715	19283
Peak_35565	ENSG00000162761.14	165356715	19283
Peak_7694	ENSG00000162761.14	165356715	19283
Peak_17699	ENSG00000162761.14	165356715	26422
Peak_15615	ENSG00000197965.11	167721191	75763
Peak_44096	ENSG00000143147.14	168137667	11362
Peak_22905	ENSG00000143178.12	168281039	39665
Peak_42325	ENSG00000143178.12	168281039	39665
Peak_87128	ENSG00000143178.12	168281039	39665
Peak_18511	ENSG00000143178.12	168281039	61321
Peak_94455	ENSG00000143178.12	168281039	61321
Peak_114571	ENSG00000143178.12	168281039	90578
Peak_64129	ENSG00000143178.12	168281039	110775
Peak_52231	ENSG00000143178.12	168281039	111099
Peak_19223	ENSG00000143185.3	168543997	115962
Peak_45979	ENSG00000143185.3	168543997	74382
Peak_70025	ENSG00000143185.3	168543997	62293
Peak_42917	ENSG00000143185.3	168543997	58870
Peak_44414	ENSG00000143185.3	168543997	55873
Peak_12779	ENSG00000143185.3	168543997	45816
Peak_62370	ENSG00000143185.3	168543997	30142
Peak_50168	ENSG00000143184.4	168576472	32734
Peak_56358	ENSG00000143184.4	168576472	32734
Peak_59569	ENSG00000143184.4	168576472	37266
Peak_23239	ENSG00000143184.4	168576472	60187
Peak_35785	ENSG00000143196.4	168729264	40601
Peak_38582	ENSG00000143196.4	168729264	40601
Peak_101785	ENSG00000143196.4	168729264	39229
Peak_87351	ENSG00000143196.4	168729264	39229
Peak_93226	ENSG00000143196.4	168729264	39229
Peak_48932	ENSG00000143196.4	168729264	38632
Peak_52815	ENSG00000143196.4	168729264	44933
Peak_153638	ENSG00000143196.4	168729264	150777
Peak_54985	ENSG00000143196.4	168729264	150777
Peak_127308	ENSG00000143196.4	168729264	163996
Peak_26951	ENSG00000143196.4	168729264	163996
Peak_24789	ENSG00000117479.12	169486003	25374
Peak_30823	ENSG00000117479.12	169486003	25374
Peak_27628	ENSG00000117501.14	170935470	5807
Peak_55509	ENSG00000117501.14	170935470	5807
Peak_71848	ENSG00000117501.14	170935470	5807
Peak_43814	ENSG00000034971.14	171652683	2594
Peak_132916	ENSG00000034971.14	171652683	22069
Peak_62502	ENSG00000034971.14	171652683	22069
Peak_206131	ENSG00000117560.7	172659017	87150
Peak_31035	ENSG00000117560.7	172659017	87150
Peak_28411	ENSG00000117560.7	172659017	167046
Peak_43969	ENSG00000117560.7	172659017	167046
Peak_20331	ENSG00000120337.8	173050963	117197
Peak_44750	ENSG00000120337.8	173050963	117197
Peak_19467	ENSG00000120337.8	173050963	71949
Peak_46787	ENSG00000120337.8	173050963	71949
Peak_44957	ENSG00000117592.8	173477265	47743
Peak_20808	ENSG00000117592.8	173477265	47436
Peak_57886	ENSG00000117592.8	173477265	45994
Peak_36763	ENSG00000117592.8	173477265	25284
Peak_71147	ENSG00000135870.11	174022297	518
Peak_83344	ENSG00000235750.9	175192999	42267
Peak_109321	ENSG00000235750.9	175192999	7702
Peak_129565	ENSG00000235750.9	175192999	7702
Peak_145233	ENSG00000235750.9	175192999	7702
Peak_31411	ENSG00000152092.15	177164973	318106
Peak_20347	ENSG00000198797.6	177171496	170231
Peak_116343	ENSG00000075391.16	178094140	36178
Peak_61160	ENSG00000075391.16	178094140	36178
Peak_10231	ENSG00000116194.12	178871052	60840
Peak_22987	ENSG00000116194.12	178871052	60840
Peak_53319	ENSG00000116194.12	178871052	60840
Peak_19921	ENSG00000116194.12	178871052	61957
Peak_27707	ENSG00000116194.12	178871052	61957
Peak_12719	ENSG00000116194.12	178871052	67580
Peak_7931	ENSG00000116194.12	178871052	67580
Peak_92610	ENSG00000116194.12	178871052	67580
Peak_62177	ENSG00000116194.12	178871052	74986
Peak_42465	ENSG00000116199.11	179025803	72853
Peak_40437	ENSG00000116199.11	179025803	8679
Peak_25072	ENSG00000135835.10	180913153	40736
Peak_29051	ENSG00000135835.10	180913153	40736
Peak_47578	ENSG00000162783.10	181088711	6238
Peak_54396	ENSG00000162783.10	181088711	7550
Peak_26625	ENSG00000162783.10	181088711	15874
Peak_3629	ENSG00000162783.10	181088711	15874
Peak_79702	ENSG00000162783.10	181088711	15874
Peak_43611	ENSG00000162783.10	181088711	23711
Peak_194948	ENSG00000162783.10	181088711	46165
Peak_50814	ENSG00000162783.10	181088711	46165
Peak_17486	ENSG00000162783.10	181088711	53626
Peak_6129	ENSG00000162783.10	181088711	64182
Peak_4474	ENSG00000179930.5	182061712	32396
Peak_7210	ENSG00000179930.5	182061712	32396
Peak_42205	ENSG00000179930.5	182061712	81539
Peak_16291	ENSG00000179930.5	182061712	82176
Peak_19189	ENSG00000179930.5	182061712	82176
Peak_45852	ENSG00000179930.5	182061712	145185
Peak_9588	ENSG00000135821.16	182392206	102283
Peak_48602	ENSG00000135821.16	182392206	43248
Peak_50431	ENSG00000135821.16	182392206	40384
Peak_18089	ENSG00000143333.6	182604408	10368
Peak_28560	ENSG00000143333.6	182604408	10368
Peak_152540	ENSG00000143333.6	182604408	11756
Peak_73735	ENSG00000143333.6	182604408	11756
Peak_224936	ENSG00000058085.14	183186237	37639
Peak_70252	ENSG00000058085.14	183186237	37639
Peak_64720	ENSG00000058085.14	183186237	5918
Peak_71488	ENSG00000058085.14	183186237	5381
Peak_21569	ENSG00000116701.14	183590876	7469
Peak_25778	ENSG00000116701.14	183590876	18395
Peak_31736	ENSG00000198860.11	184051676	23406
Peak_34208	ENSG00000198860.11	184051676	23406
Peak_11690	ENSG00000116667.12	184387057	103120
Peak_40062	ENSG00000116667.12	184387057	90453
Peak_110742	ENSG00000116667.12	184387057	56733
Peak_30734	ENSG00000116667.12	184387057	56733
Peak_173465	ENSG00000116667.12	184387057	20089
Peak_49253	ENSG00000116667.12	184387057	20089
Peak_98673	ENSG00000116667.12	184387057	20089
Peak_25258	ENSG00000116406.18	184754913	125086
Peak_75290	ENSG00000116406.18	184754913	125086
Peak_54508	ENSG00000116406.18	184754913	122108
Peak_62049	ENSG00000116406.18	184754913	122108
Peak_101756	ENSG00000116406.18	184754913	91458
Peak_32531	ENSG00000116406.18	184754913	91458
Peak_79321	ENSG00000116406.18	184754913	91458
Peak_35972	ENSG00000073756.11	186680427	53552
Peak_123625	ENSG00000150681.9	192158456	787006
Peak_20500	ENSG00000150681.9	192158456	787006
Peak_131517	ENSG00000090104.11	192575726	99001
Peak_92207	ENSG00000090104.11	192575726	99001
Peak_11555	ENSG00000090104.11	192575726	89992
Peak_17178	ENSG00000090104.11	192575726	85959
Peak_76549	ENSG00000090104.11	192575726	35883
Peak_87077	ENSG00000090104.11	192575726	16951
Peak_32332	ENSG00000090104.11	192575726	17485
Peak_109459	ENSG00000116741.7	192809038	7982
Peak_99769	ENSG00000116741.7	192809038	7982
Peak_24840	ENSG00000116741.7	192809038	69101
Peak_36396	ENSG00000116741.7	192809038	80999
Peak_40685	ENSG00000116741.7	192809038	80999
Peak_15374	ENSG00000116741.7	192809038	98564
Peak_151572	ENSG00000116741.7	192809038	104744
Peak_178614	ENSG00000116741.7	192809038	104744
Peak_60684	ENSG00000116741.7	192809038	111450
Peak_32839	ENSG00000116747.12	193059421	107451
Peak_70631	ENSG00000023572.8	193106114	5559
Peak_26711	ENSG00000134371.9	193122016	6355
Peak_87583	ENSG00000162630.5	193186654	155192
Peak_110103	ENSG00000162630.5	193186654	222122
Peak_178405	ENSG00000162630.5	193186654	222122
Peak_39275	ENSG00000162630.5	193186654	231849
Peak_28334	ENSG00000162630.5	193186654	882754
Peak_115258	ENSG00000162702.7	200410056	107878
Peak_115727	ENSG00000162702.7	200410056	107878
Peak_47432	ENSG00000162702.7	200410056	107878
Peak_26221	ENSG00000162702.7	200410056	5922
Peak_89989	ENSG00000118193.11	200620734	481
Peak_17837	ENSG00000159173.18	201429866	18149
Peak_94448	ENSG00000159173.18	201429866	19137
Peak_204629	ENSG00000174307.6	201469237	18568
Peak_25078	ENSG00000174307.6	201469237	18568
Peak_17116	ENSG00000174307.6	201469237	12575
Peak_263844	ENSG00000174307.6	201469237	12575
Peak_11374	ENSG00000174307.6	201469237	8245
Peak_12902	ENSG00000174307.6	201469237	7546
Peak_207959	ENSG00000174307.6	201469237	7546
Peak_25057	ENSG00000174307.6	201469237	11270
Peak_71893	ENSG00000174307.6	201469237	11270
Peak_130705	ENSG00000174307.6	201469237	12483
Peak_21740	ENSG00000174307.6	201469237	12483
Peak_227888	ENSG00000174307.6	201469237	12483
Peak_7915	ENSG00000174307.6	201469237	12483
Peak_35486	ENSG00000159176.13	201509456	2644
Peak_199840	ENSG00000159176.13	201509456	3324
Peak_21485	ENSG00000159176.13	201509456	3324
Peak_14362	ENSG00000159176.13	201509456	21349
Peak_37276	ENSG00000159176.13	201509456	25627
Peak_57216	ENSG00000159176.13	201509456	26322
Peak_17231	ENSG00000159176.13	201509456	29292
Peak_86612	ENSG00000159176.13	201509456	29292
Peak_124255	ENSG00000159176.13	201509456	43397
Peak_55916	ENSG00000159176.13	201509456	53257
Peak_43505	ENSG00000159176.13	201509456	55906
Peak_39199	ENSG00000134369.15	201622884	38426
Peak_18222	ENSG00000134369.15	201622884	29560
Peak_33281	ENSG00000134369.15	201622884	19960
Peak_14198	ENSG00000198892.6	201888679	7068
Peak_172695	ENSG00000198892.6	201888679	7068
Peak_263563	ENSG00000163431.12	201946588	571
Peak_64815	ENSG00000163431.12	201946588	571
Peak_75469	ENSG00000117139.16	202809470	1046
Peak_7800	ENSG00000117139.16	202809470	1046
Peak_178299	ENSG00000183155.4	202889135	27630
Peak_7128	ENSG00000183155.4	202889135	27630
Peak_83364	ENSG00000183155.4	202889135	27630
Peak_29230	ENSG00000133063.15	203273641	1345
Peak_4863	ENSG00000133063.15	203273641	4646
Peak_50823	ENSG00000159388.5	203305490	15074
Peak_7495	ENSG00000159388.5	203305490	15074
Peak_26430	ENSG00000159388.5	203305490	21630
Peak_33538	ENSG00000159388.5	203305490	21630
Peak_7449	ENSG00000159388.5	203305490	21630
Peak_28545	ENSG00000122176.10	203351489	17417
Peak_42520	ENSG00000122176.10	203351489	22544
Peak_265124	ENSG00000122176.10	203351489	28454
Peak_52374	ENSG00000122176.10	203351489	28454
Peak_100428	ENSG00000122176.10	203351489	51126
Peak_42986	ENSG00000122176.10	203351489	54204
Peak_37116	ENSG00000122176.10	203351489	55114
Peak_11704	ENSG00000122176.10	203351489	56917
Peak_75638	ENSG00000122176.10	203351489	56917
Peak_16324	ENSG00000188783.5	203475827	35010
Peak_92189	ENSG00000188783.5	203475827	28206
Peak_59574	ENSG00000188783.5	203475827	27208
Peak_48378	ENSG00000188783.5	203475827	23804
Peak_226282	ENSG00000188783.5	203475827	12362
Peak_61216	ENSG00000188783.5	203475827	12362
Peak_75112	ENSG00000188783.5	203475827	12362
Peak_8471	ENSG00000188783.5	203475827	10846
Peak_23214	ENSG00000188783.5	203475827	9895
Peak_102519	ENSG00000188770.9	203494142	18706
Peak_16744	ENSG00000188770.9	203494142	18706
Peak_66888	ENSG00000188770.9	203494142	19871
Peak_109580	ENSG00000188770.9	203494142	39868
Peak_251156	ENSG00000188770.9	203494142	40226
Peak_8373	ENSG00000188770.9	203494142	40226
Peak_230541	ENSG00000188770.9	203494142	50231
Peak_63645	ENSG00000188770.9	203494142	50231
Peak_80951	ENSG00000188770.9	203494142	50231
Peak_18282	ENSG00000188770.9	203494142	61888
Peak_35561	ENSG00000188770.9	203494142	61888
Peak_32485	ENSG00000188770.9	203494142	63341
Peak_20258	ENSG00000188770.9	203494142	64229
Peak_51593	ENSG00000058668.14	203626560	34681
Peak_71755	ENSG00000058668.14	203626560	34681
Peak_222156	ENSG00000058668.14	203626560	29022
Peak_60443	ENSG00000058668.14	203626560	29022
Peak_93084	ENSG00000058668.14	203626560	29022
Peak_60420	ENSG00000058668.14	203626560	25430
Peak_73767	ENSG00000058668.14	203626560	17197
Peak_37961	ENSG00000122188.12	203765175	21055
Peak_48934	ENSG00000182004.12	203861602	9551
Peak_94106	ENSG00000143842.14	204073114	31920
Peak_57087	ENSG00000143842.14	204073114	31210
Peak_24580	ENSG00000143845.14	204152003	23072
Peak_94805	ENSG00000143845.14	204152003	23072
Peak_124820	ENSG00000143845.14	204152003	22336
Peak_129047	ENSG00000158615.8	204411791	5351
Peak_20339	ENSG00000158615.8	204411791	5351
Peak_47854	ENSG00000170382.11	204685733	17457
Peak_79322	ENSG00000170382.11	204685733	17457
Peak_115765	ENSG00000163531.15	204828650	14408
Peak_51636	ENSG00000163531.15	204828650	14408
Peak_43620	ENSG00000163531.15	204828650	9586
Peak_195283	ENSG00000163531.15	204828650	7184
Peak_71784	ENSG00000163531.15	204828650	7184
Peak_81032	ENSG00000163531.15	204828650	7184
Peak_205378	ENSG00000163545.8	205321791	37122
Peak_23262	ENSG00000163545.8	205321791	37122
Peak_91940	ENSG00000163545.8	205321791	27385
Peak_53413	ENSG00000163545.8	205321791	20385
Peak_234871	ENSG00000174514.12	205568884	25557
Peak_29486	ENSG00000174514.12	205568884	25557
Peak_53741	ENSG00000174514.12	205568884	25557
Peak_37812	ENSG00000117280.12	205775460	8149
Peak_81554	ENSG00000117280.12	205775460	8149
Peak_29373	ENSG00000143479.15	206635535	1189
Peak_15097	ENSG00000117335.18	207752056	53788
Peak_24058	ENSG00000117335.18	207752056	59882
Peak_50522	ENSG00000117335.18	207752056	64659
Peak_14509	ENSG00000117335.18	207752056	71691
Peak_27907	ENSG00000117335.18	207752056	73662
Peak_21113	ENSG00000117335.18	207752056	76562
Peak_81025	ENSG00000117335.18	207752056	79491
Peak_60180	ENSG00000174059.16	207911402	72906
Peak_11051	ENSG00000174059.16	207911402	44828
Peak_42992	ENSG00000174059.16	207911402	44828
Peak_46283	ENSG00000174059.16	207911402	44041
Peak_59210	ENSG00000174059.16	207911402	43152
Peak_17350	ENSG00000174059.16	207911402	42682
Peak_57766	ENSG00000174059.16	207911402	42682
Peak_57976	ENSG00000174059.16	207911402	13787
Peak_79281	ENSG00000174059.16	207911402	13787
Peak_13645	ENSG00000174059.16	207911402	47709
Peak_55585	ENSG00000174059.16	207911402	51422
Peak_8090	ENSG00000174059.16	207911402	51422
Peak_84374	ENSG00000174059.16	207911402	51422
Peak_195959	ENSG00000076356.6	208244320	757
Peak_39375	ENSG00000076356.6	208244320	757
Peak_209306	ENSG00000008118.9	209583716	317178
Peak_68768	ENSG00000008118.9	209583716	317178
Peak_68769	ENSG00000008118.9	209583716	317178
Peak_72401	ENSG00000008118.9	209583716	317178
Peak_199851	ENSG00000008118.9	209583716	234027
Peak_49480	ENSG00000008118.9	209583716	234027
Peak_209308	ENSG00000009790.14	209756031	13523
Peak_250247	ENSG00000009790.14	209756031	13523
Peak_70253	ENSG00000082497.11	210232798	9659
Peak_61988	ENSG00000082497.11	210232798	636
Peak_27796	ENSG00000082497.11	210232798	18314
Peak_85288	ENSG00000082497.11	210232798	18314
Peak_34293	ENSG00000082497.11	210232798	25277
Peak_100857	ENSG00000082497.11	210232798	29324
Peak_101023	ENSG00000082497.11	210232798	29324
Peak_70052	ENSG00000082497.11	210232798	29324
Peak_29924	ENSG00000054392.12	210328251	35912
Peak_123399	ENSG00000054392.12	210328251	35246
Peak_49342	ENSG00000054392.12	210328251	35246
Peak_56657	ENSG00000054392.12	210328251	33182
Peak_25649	ENSG00000054392.12	210328251	17055
Peak_152755	ENSG00000054392.12	210328251	16228
Peak_231348	ENSG00000054392.12	210328251	16228
Peak_12357	ENSG00000170385.9	211578742	34624
Peak_43724	ENSG00000117650.12	211675630	42614
Peak_8446	ENSG00000066027.11	212285536	50947
Peak_10845	ENSG00000117691.9	212432886	37103
Peak_233866	ENSG00000117691.9	212432886	55726
Peak_36500	ENSG00000117691.9	212432886	55726
Peak_35013	ENSG00000162771.7	212624473	12109
Peak_37409	ENSG00000162771.7	212624473	14262
Peak_26522	ENSG00000123685.8	212699985	382
Peak_60635	ENSG00000123685.8	212699985	382
Peak_87003	ENSG00000123685.8	212699985	382
Peak_68597	ENSG00000143499.13	214281101	56528
Peak_91312	ENSG00000143499.13	214281101	56528
Peak_48811	ENSG00000143499.13	214281101	57186
Peak_153854	ENSG00000136636.12	215567391	27774
Peak_35309	ENSG00000136636.12	215567391	27774
Peak_48608	ENSG00000136636.12	215567391	27774
Peak_56570	ENSG00000136636.12	215567391	22736
Peak_172853	ENSG00000067533.5	218285286	121146
Peak_46878	ENSG00000067533.5	218285286	121146
Peak_48678	ENSG00000067533.5	218285286	121146
Peak_56287	ENSG00000067533.5	218285286	121146
Peak_94856	ENSG00000067533.5	218285286	119907
Peak_201880	ENSG00000092969.11	218346234	113767
Peak_27074	ENSG00000092969.11	218346234	113767
Peak_40941	ENSG00000092969.11	218346234	113767
Peak_33993	ENSG00000092969.11	218346234	133604
Peak_78002	ENSG00000092969.11	218346234	133604
Peak_56933	ENSG00000092969.11	218346234	152798
Peak_30990	ENSG00000092969.11	218346234	319038
Peak_17780	ENSG00000136630.12	220879399	35970
Peak_18647	ENSG00000136630.12	220879399	8048
Peak_198611	ENSG00000136630.12	220879399	14608
Peak_27741	ENSG00000136630.12	220879399	14608
Peak_37596	ENSG00000136630.12	220879399	112555
Peak_51777	ENSG00000136630.12	220879399	112555
Peak_22671	ENSG00000136630.12	220879399	150577
Peak_91229	ENSG00000136630.12	220879399	150577
Peak_28806	ENSG00000136630.12	220879399	153417
Peak_44432	ENSG00000136630.12	220879399	324075
Peak_48291	ENSG00000136630.12	220879399	324075
Peak_52480	ENSG00000136630.12	220879399	324075
Peak_115951	ENSG00000136630.12	220879399	348501
Peak_44444	ENSG00000136630.12	220879399	351176
Peak_33977	ENSG00000143507.17	221742176	406926
Peak_66855	ENSG00000143507.17	221742176	406926
Peak_71137	ENSG00000143507.17	221742176	406926
Peak_223776	ENSG00000143507.17	221742176	301849
Peak_27977	ENSG00000143507.17	221742176	301849
Peak_34488	ENSG00000143507.17	221742176	301849
Peak_133078	ENSG00000143507.17	221742176	293809
Peak_42696	ENSG00000143507.17	221742176	293809
Peak_50758	ENSG00000143507.17	221742176	284059
Peak_54611	ENSG00000143507.17	221742176	284059
Peak_16766	ENSG00000143507.17	221742176	129713
Peak_28791	ENSG00000143507.17	221742176	103655
Peak_47722	ENSG00000143507.17	221742176	103655
Peak_14879	ENSG00000143507.17	221742176	301323
Peak_36709	ENSG00000143507.17	221742176	301323
Peak_45286	ENSG00000143507.17	221742176	301323
Peak_18255	ENSG00000143512.12	222548103	93371
Peak_36331	ENSG00000143512.12	222548103	93371
Peak_10952	ENSG00000143512.12	222548103	82889
Peak_10147	ENSG00000197520.10	222737206	20299
Peak_10990	ENSG00000197520.10	222737206	20299
Peak_37813	ENSG00000154309.8	222872270	42287
Peak_20267	ENSG00000187554.11	223143282	111750
Peak_76567	ENSG00000187554.11	223143282	111750
Peak_131545	ENSG00000187554.11	223143282	91349
Peak_58335	ENSG00000187554.11	223143282	68777
Peak_18610	ENSG00000187554.11	223143282	62049
Peak_53516	ENSG00000187554.11	223143282	62049
Peak_22404	ENSG00000187554.11	223143282	58925
Peak_21929	ENSG00000187554.11	223143282	53161
Peak_13784	ENSG00000178395.6	223393416	35852
Peak_101845	ENSG00000178395.6	223393416	36783
Peak_129491	ENSG00000143753.12	224175755	29712
Peak_22678	ENSG00000143753.12	224175755	47564
Peak_70391	ENSG00000143753.12	224175755	47564
Peak_71113	ENSG00000143753.12	224175755	47564
Peak_29032	ENSG00000143815.14	225428925	15971
Peak_2260	ENSG00000143815.14	225428925	18433
Peak_55476	ENSG00000143815.14	225428925	18433
Peak_36363	ENSG00000143815.14	225428925	25046
Peak_67641	ENSG00000143815.14	225428925	31178
Peak_68211	ENSG00000143815.14	225428925	31178
Peak_40869	ENSG00000143815.14	225428925	32591
Peak_18372	ENSG00000143815.14	225428925	45880
Peak_22433	ENSG00000143815.14	225428925	45880
Peak_59240	ENSG00000143815.14	225428925	45880
Peak_23546	ENSG00000143815.14	225428925	55150
Peak_57065	ENSG00000143815.14	225428925	55150
Peak_39941	ENSG00000154380.17	225653142	2369
Peak_12204	ENSG00000154380.17	225653142	8820
Peak_141945	ENSG00000154380.17	225653142	8820
Peak_47499	ENSG00000143742.12	225777812	42184
Peak_25773	ENSG00000143742.12	225777812	32652
Peak_14348	ENSG00000143742.12	225777812	31146
Peak_51176	ENSG00000143742.12	225777812	31146
Peak_73615	ENSG00000143742.12	225777812	14041
Peak_29231	ENSG00000143742.12	225777812	10893
Peak_29192	ENSG00000143742.12	225777812	5491
Peak_11495	ENSG00000163041.9	226061850	21070
Peak_32483	ENSG00000163041.9	226061850	21070
Peak_38151	ENSG00000163041.9	226061850	21070
Peak_39940	ENSG00000163041.9	226061850	21070
Peak_19807	ENSG00000163041.9	226061850	47703
Peak_23920	ENSG00000163041.9	226061850	47703
Peak_59061	ENSG00000163041.9	226061850	47703
Peak_65225	ENSG00000163041.9	226061850	47703
Peak_9526	ENSG00000163041.9	226061850	47703
Peak_19847	ENSG00000163041.9	226061850	59528
Peak_42289	ENSG00000163041.9	226061850	59528
Peak_52003	ENSG00000163041.9	226061850	59528
Peak_85365	ENSG00000183814.15	226309869	43257
Peak_34172	ENSG00000203685.9	226548799	1031
Peak_33210	ENSG00000203685.9	226548799	77484
Peak_76326	ENSG00000203685.9	226548799	77484
Peak_23378	ENSG00000143772.9	226739323	39150
Peak_28996	ENSG00000143772.9	226739323	44795
Peak_56634	ENSG00000143772.9	226739323	44795
Peak_19164	ENSG00000143772.9	226739323	60563
Peak_28873	ENSG00000143801.16	226870183	55457
Peak_35080	ENSG00000143801.16	226870183	55457
Peak_52366	ENSG00000143801.16	226870183	55457
Peak_1916	ENSG00000143801.16	226870183	48950
Peak_75286	ENSG00000143801.16	226870183	48950
Peak_12650	ENSG00000143801.16	226870183	42850
Peak_177079	ENSG00000143801.16	226870183	42850
Peak_13636	ENSG00000143801.16	226870183	42254
Peak_91262	ENSG00000163050.16	226897535	91675
Peak_205724	ENSG00000143776.18	227318474	113293
Peak_58469	ENSG00000143776.18	227318474	113293
Peak_116365	ENSG00000181450.17	227563542	21791
Peak_14793	ENSG00000181450.17	227563542	21791
Peak_36417	ENSG00000181450.17	227563542	21791
Peak_16965	ENSG00000185888.5	227815692	28175
Peak_48429	ENSG00000185888.5	227815692	21213
Peak_11274	ENSG00000143816.7	227947898	60916
Peak_16062	ENSG00000143816.7	227947898	60916
Peak_44361	ENSG00000143816.7	227947898	60916
Peak_60971	ENSG00000143816.7	227947898	52099
Peak_22562	ENSG00000198835.3	228149851	452
Peak_78748	ENSG00000116574.5	228735076	60596
Peak_21711	ENSG00000116574.5	228735076	63412
Peak_52532	ENSG00000116574.5	228735076	67385
Peak_65402	ENSG00000116574.5	228735076	103180
Peak_66141	ENSG00000116574.5	228735076	103180
Peak_114497	ENSG00000116574.5	228735076	164945
Peak_205745	ENSG00000116574.5	228735076	164945
Peak_75425	ENSG00000116574.5	228735076	164945
Peak_149955	ENSG00000116574.5	228735076	167808
Peak_23402	ENSG00000116574.5	228735076	167808
Peak_86148	ENSG00000116574.5	228735076	167808
Peak_67944	ENSG00000116574.5	228735076	168717
Peak_57320	ENSG00000116574.5	228735076	229142
Peak_35398	ENSG00000116574.5	228735076	254884
Peak_36077	ENSG00000116574.5	228735076	254884
Peak_202332	ENSG00000177800.2	229249635	246188
Peak_56716	ENSG00000177800.2	229249635	246188
Peak_153280	ENSG00000177800.2	229249635	189983
Peak_73704	ENSG00000177800.2	229249635	189983
Peak_62438	ENSG00000177800.2	229249635	187512
Peak_17337	ENSG00000177800.2	229249635	179476
Peak_58967	ENSG00000177800.2	229249635	140636
Peak_56129	ENSG00000177800.2	229249635	140128
Peak_58232	ENSG00000177800.2	229249635	134631
Peak_11210	ENSG00000177800.2	229249635	133714
Peak_207279	ENSG00000177800.2	229249635	133714
Peak_246561	ENSG00000177800.2	229249635	44714
Peak_28167	ENSG00000177800.2	229249635	44714
Peak_72268	ENSG00000177800.2	229249635	44714
Peak_29951	ENSG00000177800.2	229249635	19915
Peak_22836	ENSG00000135776.4	229558695	5070
Peak_48940	ENSG00000135776.4	229558695	20430
Peak_60319	ENSG00000135776.4	229558695	20430
Peak_45588	ENSG00000135763.9	229626233	73490
Peak_27800	ENSG00000143641.9	230057989	170524
Peak_235430	ENSG00000135773.12	230747383	59429
Peak_25701	ENSG00000135773.12	230747383	59429
Peak_63805	ENSG00000119280.16	230869589	44504
Peak_44985	ENSG00000119280.16	230869589	8989
Peak_131828	ENSG00000116991.10	232561558	419197
Peak_16625	ENSG00000116991.10	232561558	419197
Peak_20581	ENSG00000116991.10	232561558	419197
Peak_35189	ENSG00000116991.10	232561558	273827
Peak_70573	ENSG00000116991.10	232561558	273827
Peak_70699	ENSG00000116991.10	232561558	273827
Peak_151904	ENSG00000116991.10	232561558	255297
Peak_46760	ENSG00000116991.10	232561558	255297
Peak_46543	ENSG00000116991.10	232561558	58746
Peak_54934	ENSG00000116991.10	232561558	58746
Peak_43758	ENSG00000116991.10	232561558	113813
Peak_72415	ENSG00000212916.4	232804891	121206
Peak_49693	ENSG00000212916.4	232804891	111769
Peak_21425	ENSG00000212916.4	232804891	100431
Peak_233867	ENSG00000212916.4	232804891	100431
Peak_16240	ENSG00000212916.4	232804891	37588
Peak_33875	ENSG00000212916.4	232804891	37588
Peak_58713	ENSG00000059588.9	234479103	7610
Peak_13496	ENSG00000059588.9	234479103	19792
Peak_86619	ENSG00000059588.9	234479103	19792
Peak_43072	ENSG00000059588.9	234479103	20668
Peak_15211	ENSG00000059588.9	234479103	44430
Peak_35714	ENSG00000059588.9	234479103	52593
Peak_30405	ENSG00000059588.9	234479103	53983
Peak_37488	ENSG00000059588.9	234479103	53983
Peak_31169	ENSG00000059588.9	234479103	54853
Peak_17345	ENSG00000059588.9	234479103	56681
Peak_20820	ENSG00000059588.9	234479103	64314
Peak_104113	ENSG00000059588.9	234479103	64879
Peak_131427	ENSG00000059588.9	234479103	64879
Peak_28482	ENSG00000059588.9	234479103	64879
Peak_6945	ENSG00000059588.9	234479103	64879
Peak_19205	ENSG00000168264.10	234609525	54707
Peak_19317	ENSG00000168264.10	234609525	23865
Peak_4650	ENSG00000168264.10	234609525	10002
Peak_64888	ENSG00000168264.10	234609525	10002
Peak_19107	ENSG00000168264.10	234609525	1120
Peak_3142	ENSG00000168264.10	234609525	1120
Peak_33563	ENSG00000168264.10	234609525	1120
Peak_39768	ENSG00000168264.10	234609525	3145
Peak_22908	ENSG00000168264.10	234609525	66560
Peak_81566	ENSG00000168264.10	234609525	66560
Peak_22838	ENSG00000168264.10	234609525	74701
Peak_55630	ENSG00000279261.1	234760056	59839
Peak_28761	ENSG00000279261.1	234760056	43735
Peak_33319	ENSG00000279261.1	234760056	43239
Peak_45173	ENSG00000279261.1	234760056	36709
Peak_25620	ENSG00000279261.1	234760056	36383
Peak_19664	ENSG00000279261.1	234760056	36045
Peak_3862	ENSG00000279261.1	234760056	36045
Peak_116947	ENSG00000279261.1	234760056	16209
Peak_39431	ENSG00000279261.1	234760056	12410
Peak_143391	ENSG00000279261.1	234760056	49325
Peak_150848	ENSG00000279261.1	234760056	49325
Peak_53460	ENSG00000279261.1	234760056	49325
Peak_18426	ENSG00000279261.1	234760056	56856
Peak_113027	ENSG00000279261.1	234760056	96707
Peak_79591	ENSG00000279261.1	234760056	96707
Peak_24463	ENSG00000279261.1	234760056	102872
Peak_35540	ENSG00000279261.1	234760056	102872
Peak_81417	ENSG00000279261.1	234760056	107462
Peak_25670	ENSG00000279261.1	234760056	126331
Peak_37073	ENSG00000279261.1	234760056	126331
Peak_31600	ENSG00000279261.1	234760056	126996
Peak_21946	ENSG00000279261.1	234760056	155893
Peak_32686	ENSG00000279261.1	234760056	159151
Peak_40657	ENSG00000279261.1	234760056	159151
Peak_39829	ENSG00000279261.1	234760056	165768
Peak_86533	ENSG00000173726.10	235128936	167086
Peak_66524	ENSG00000173726.10	235128936	166347
Peak_32362	ENSG00000173726.10	235128936	159077
Peak_20101	ENSG00000173726.10	235128936	158533
Peak_31524	ENSG00000173726.10	235128936	158533
Peak_103114	ENSG00000173726.10	235128936	154988
Peak_51188	ENSG00000173726.10	235128936	149951
Peak_23144	ENSG00000173726.10	235128936	148355
Peak_32829	ENSG00000173726.10	235128936	148355
Peak_22362	ENSG00000173726.10	235128936	141564
Peak_48323	ENSG00000173726.10	235128936	141564
Peak_49351	ENSG00000173726.10	235128936	141564
Peak_76369	ENSG00000173726.10	235128936	141564
Peak_4860	ENSG00000173726.10	235128936	131748
Peak_52105	ENSG00000173726.10	235128936	130734
Peak_10913	ENSG00000173726.10	235128936	81232
Peak_29874	ENSG00000173726.10	235128936	61462
Peak_115632	ENSG00000173726.10	235128936	59282
Peak_148650	ENSG00000173726.10	235128936	59282
Peak_100435	ENSG00000173726.10	235128936	54418
Peak_227236	ENSG00000173726.10	235128936	54418
Peak_54577	ENSG00000173726.10	235128936	54418
Peak_70144	ENSG00000173726.10	235128936	54418
Peak_11662	ENSG00000173726.10	235128936	45876
Peak_40322	ENSG00000173726.10	235128936	45876
Peak_15656	ENSG00000173726.10	235128936	24882
Peak_68783	ENSG00000143669.13	235883640	27079
Peak_41340	ENSG00000143669.13	235883640	33802
Peak_46314	ENSG00000143669.13	235883640	33802
Peak_11439	ENSG00000143669.13	235883640	87888
Peak_85121	ENSG00000143669.13	235883640	87888
Peak_47527	ENSG00000143669.13	235883640	88754
Peak_14329	ENSG00000116962.14	236065162	1729
Peak_10982	ENSG00000116962.14	236065162	2727
Peak_81570	ENSG00000244020.2	237004418	52031
Peak_39334	ENSG00000244020.2	237004418	6517
Peak_33350	ENSG00000244020.2	237004418	8266
Peak_66845	ENSG00000244020.2	237004418	8266
Peak_173517	ENSG00000180875.4	240612149	79535
Peak_35108	ENSG00000180875.4	240612149	79535
Peak_75398	ENSG00000180875.4	240612149	79535
Peak_51118	ENSG00000117020.16	243851079	66218
Peak_94744	ENSG00000117020.16	243851079	66218
Peak_26779	ENSG00000173728.10	244352634	138487
Peak_35890	ENSG00000173728.10	244352634	79551
Peak_130958	ENSG00000173728.10	244352634	78767
Peak_176235	ENSG00000173728.10	244352634	78767
Peak_20297	ENSG00000173728.10	244352634	78767
Peak_207297	ENSG00000121644.18	244652934	77549
Peak_34334	ENSG00000121644.18	244652934	77549
Peak_72102	ENSG00000121644.18	244652934	77549
Peak_153214	ENSG00000203666.12	244969704	5453
Peak_50444	ENSG00000203666.12	244969704	5453
Peak_25557	ENSG00000143653.9	246724046	45240
Peak_14816	ENSG00000188295.14	247104372	6876
Peak_37216	ENSG00000188295.14	247104372	6876
Peak_50412	ENSG00000188295.14	247104372	6876
Peak_48945	ENSG00000162714.12	247331846	29248
Peak_116986	ENSG00000162714.12	247331846	39264
Peak_83474	ENSG00000162714.12	247331846	39264
Peak_12777	ENSG00000171163.15	248859144	4074
