Peak_25860	ENSG00000237330.2	1074307	6625
Peak_68978	ENSG00000237330.2	1074307	6625
Peak_19319	ENSG00000237330.2	1074307	5791
Peak_24518	ENSG00000237330.2	1074307	5791
Peak_24039	ENSG00000237330.2	1074307	5186
Peak_25265	ENSG00000237330.2	1074307	5186
Peak_38063	ENSG00000237330.2	1074307	5186
Peak_32494	ENSG00000131591.17	1116361	8436
Peak_106662	ENSG00000131591.17	1116361	8736
Peak_127062	ENSG00000131591.17	1116361	8736
Peak_13453	ENSG00000131591.17	1116361	20045
Peak_18461	ENSG00000131591.17	1116361	27735
Peak_239339	ENSG00000131591.17	1116361	27735
Peak_41520	ENSG00000131591.17	1116361	27735
Peak_73391	ENSG00000131591.17	1116361	27735
Peak_78446	ENSG00000131591.17	1116361	27735
Peak_22657	ENSG00000162571.13	1173883	23940
Peak_294460	ENSG00000162571.13	1173883	23940
Peak_13897	ENSG00000162571.13	1173883	15999
Peak_45609	ENSG00000162571.13	1173883	15999
Peak_143416	ENSG00000179403.11	1434860	1653
Peak_20312	ENSG00000179403.11	1434860	1653
Peak_241915	ENSG00000205090.8	1540453	433
Peak_17262	ENSG00000008130.15	1780457	2054
Peak_18368	ENSG00000008130.15	1780457	2546
Peak_56936	ENSG00000169885.9	1914826	6496
Peak_7031	ENSG00000169885.9	1914826	6496
Peak_87870	ENSG00000116151.13	2391707	80304
Peak_10350	ENSG00000157873.17	2555638	9686
Peak_15640	ENSG00000157873.17	2555638	9013
Peak_299841	ENSG00000157873.17	2555638	9013
Peak_55715	ENSG00000157873.17	2555638	7508
Peak_29004	ENSG00000157873.17	2555638	6923
Peak_11644	ENSG00000157870.14	2586490	10804
Peak_18559	ENSG00000157870.14	2586490	9757
Peak_19533	ENSG00000157870.14	2586490	8270
Peak_148245	ENSG00000130762.14	3454425	27897
Peak_24338	ENSG00000130762.14	3454425	27897
Peak_16182	ENSG00000162592.8	3752397	5578
Peak_62963	ENSG00000162592.8	3752397	5578
Peak_84832	ENSG00000162592.8	3752397	5578
Peak_274207	ENSG00000007923.15	6701924	41319
Peak_35692	ENSG00000007923.15	6701924	41319
Peak_89180	ENSG00000007923.15	6701924	41319
Peak_17068	ENSG00000116285.12	8026308	34953
Peak_13439	ENSG00000116285.12	8026308	50769
Peak_72259	ENSG00000116285.12	8026308	51985
Peak_37657	ENSG00000116285.12	8026308	57427
Peak_60194	ENSG00000116285.12	8026308	57427
Peak_29728	ENSG00000116285.12	8026308	71214
Peak_16667	ENSG00000116285.12	8026308	94699
Peak_38624	ENSG00000116285.12	8026308	94699
Peak_48303	ENSG00000116285.12	8026308	140954
Peak_15104	ENSG00000162426.14	8317825	115695
Peak_53554	ENSG00000162426.14	8317825	115213
Peak_142520	ENSG00000162426.14	8317825	100646
Peak_72909	ENSG00000162426.14	8317825	100646
Peak_22855	ENSG00000162426.14	8317825	58857
Peak_33108	ENSG00000162426.14	8317825	58857
Peak_47507	ENSG00000162426.14	8317825	58857
Peak_5762	ENSG00000074800.13	8879249	30443
Peak_20720	ENSG00000180758.11	9129170	33687
Peak_25030	ENSG00000180758.11	9129170	34513
Peak_32614	ENSG00000180758.11	9129170	34513
Peak_106534	ENSG00000180758.11	9129170	52197
Peak_94802	ENSG00000180758.11	9129170	52197
Peak_33238	ENSG00000049239.12	9234774	1506
Peak_108011	ENSG00000171621.13	9292879	2777
Peak_234043	ENSG00000171621.13	9292879	2777
Peak_47556	ENSG00000171621.13	9292879	78612
Peak_36304	ENSG00000171621.13	9292879	83935
Peak_66862	ENSG00000171621.13	9292879	108979
Peak_14615	ENSG00000171621.13	9292879	120135
Peak_39742	ENSG00000171621.13	9292879	120135
Peak_143575	ENSG00000171603.16	9824526	913
Peak_30798	ENSG00000171603.16	9824526	913
Peak_67830	ENSG00000280113.1	9828258	15261
Peak_66746	ENSG00000142657.20	10398591	10946
Peak_18721	ENSG00000130940.14	10796650	160658
Peak_22117	ENSG00000130940.14	10796650	18404
Peak_27572	ENSG00000130940.14	10796650	18404
Peak_43861	ENSG00000130940.14	10796650	18404
Peak_47851	ENSG00000028137.16	12167002	18597
Peak_74553	ENSG00000028137.16	12167002	5294
Peak_8880	ENSG00000028137.16	12167002	5294
Peak_144629	ENSG00000162496.8	12617731	90191
Peak_23894	ENSG00000162496.8	12617731	90191
Peak_28980	ENSG00000162496.8	12617731	89394
Peak_207234	ENSG00000162496.8	12617731	77774
Peak_53259	ENSG00000162496.8	12617731	77774
Peak_66219	ENSG00000162496.8	12617731	77774
Peak_107784	ENSG00000162496.8	12617731	68083
Peak_89207	ENSG00000162496.8	12617731	68083
Peak_42519	ENSG00000162496.8	12617731	1239
Peak_28718	ENSG00000162496.8	12617731	2160
Peak_23069	ENSG00000162493.16	13583464	36421
Peak_18390	ENSG00000171729.13	15152531	12781
Peak_63736	ENSG00000171729.13	15152531	10668
Peak_13776	ENSG00000197312.11	15617499	14379
Peak_28500	ENSG00000197312.11	15617499	14379
Peak_7833	ENSG00000162461.7	15736404	615
Peak_30029	ENSG00000233954.6	15809348	10289
Peak_49180	ENSG00000233954.6	15809348	9873
Peak_18524	ENSG00000233954.6	15809348	9440
Peak_15907	ENSG00000186510.11	16018874	6156
Peak_23962	ENSG00000186510.11	16018874	6156
Peak_16132	ENSG00000142627.12	16156087	17093
Peak_59711	ENSG00000142627.12	16156087	17093
Peak_25983	ENSG00000142627.12	16156087	19866
Peak_195482	ENSG00000142627.12	16156087	25528
Peak_9244	ENSG00000142627.12	16156087	25528
Peak_18942	ENSG00000142632.16	16212609	3625
Peak_1039	ENSG00000142632.16	16212609	4313
Peak_36650	ENSG00000142632.16	16212609	4313
Peak_10991	ENSG00000237847.2	16673002	28698
Peak_144890	ENSG00000237847.2	16673002	28698
Peak_73696	ENSG00000237847.2	16673002	28698
Peak_27424	ENSG00000074964.16	17539834	22914
Peak_92783	ENSG00000074964.16	17539834	8069
Peak_118039	ENSG00000169991.10	18956686	53707
Peak_236805	ENSG00000169991.10	18956686	53707
Peak_23557	ENSG00000169991.10	18956686	54238
Peak_25231	ENSG00000169991.10	18956686	54238
Peak_243326	ENSG00000169991.10	18956686	110275
Peak_62478	ENSG00000169991.10	18956686	110275
Peak_120209	ENSG00000169991.10	18956686	116669
Peak_72252	ENSG00000169991.10	18956686	117186
Peak_139618	ENSG00000127463.13	19251552	8584
Peak_49539	ENSG00000127463.13	19251552	8584
Peak_21465	ENSG00000162482.4	19289250	15991
Peak_25293	ENSG00000162482.4	19289250	15991
Peak_72212	ENSG00000162482.4	19289250	15991
Peak_37137	ENSG00000077549.17	19485539	19357
Peak_56652	ENSG00000162545.5	20486220	285
Peak_38163	ENSG00000189410.11	20732837	300
Peak_63421	ENSG00000076864.19	21669363	4091
Peak_47854	ENSG00000142798.17	21937297	5753
Peak_6789	ENSG00000142798.17	21937297	19392
Peak_9640	ENSG00000142798.17	21937297	19392
Peak_20477	ENSG00000070831.15	22052626	12960
Peak_141602	ENSG00000162552.14	22143969	19207
Peak_65083	ENSG00000162552.14	22143969	19207
Peak_67266	ENSG00000162552.14	22143969	19207
Peak_41010	ENSG00000162552.14	22143969	113363
Peak_45322	ENSG00000162552.14	22143969	114007
Peak_19818	ENSG00000184677.16	22451850	37627
Peak_10606	ENSG00000117318.8	23559794	5410
Peak_47281	ENSG00000117318.8	23559794	5410
Peak_140560	ENSG00000117318.8	23559794	2345
Peak_6827	ENSG00000117318.8	23559794	2345
Peak_81067	ENSG00000197880.8	23581494	4126
Peak_29262	ENSG00000142676.12	23691778	13127
Peak_99070	ENSG00000142676.12	23691778	13127
Peak_10987	ENSG00000011007.12	23743154	15934
Peak_17266	ENSG00000011007.12	23743154	15934
Peak_76865	ENSG00000011009.10	23790969	779
Peak_32361	ENSG00000188822.7	23913362	6570
Peak_11199	ENSG00000188529.14	23980927	37652
Peak_96198	ENSG00000188529.14	23980927	37652
Peak_67190	ENSG00000188529.14	23980927	40639
Peak_8375	ENSG00000169504.14	24745356	40100
Peak_25250	ENSG00000169504.14	24745356	20825
Peak_27637	ENSG00000169504.14	24745356	20825
Peak_19349	ENSG00000169504.14	24745356	102596
Peak_62772	ENSG00000169504.14	24745356	102596
Peak_26461	ENSG00000117614.9	25232502	639
Peak_12197	ENSG00000117614.9	25232502	7126
Peak_14027	ENSG00000117614.9	25232502	7126
Peak_42341	ENSG00000157978.11	25543579	30020
Peak_28032	ENSG00000117643.14	25617467	1435
Peak_3193	ENSG00000117643.14	25617467	1435
Peak_18658	ENSG00000182749.5	25871253	3897
Peak_63852	ENSG00000182749.5	25871253	3897
Peak_96567	ENSG00000182749.5	25871253	3897
Peak_108108	ENSG00000117632.20	25906991	15639
Peak_173076	ENSG00000117632.20	25906991	15639
Peak_72043	ENSG00000117632.20	25906991	15639
Peak_12290	ENSG00000198830.10	26472449	27601
Peak_17146	ENSG00000198830.10	26472449	27601
Peak_194557	ENSG00000198830.10	26472449	27601
Peak_34350	ENSG00000198830.10	26472449	27601
Peak_9150	ENSG00000198830.10	26472449	27601
Peak_12778	ENSG00000117713.17	26696032	18547
Peak_14366	ENSG00000117713.17	26696032	3148
Peak_28130	ENSG00000060642.10	26787471	3463
Peak_44720	ENSG00000060642.10	26787471	12022
Peak_48704	ENSG00000060642.10	26787471	12022
Peak_2419	ENSG00000175793.11	26863137	1613
Peak_68844	ENSG00000175793.11	26863137	1613
Peak_31808	ENSG00000158246.7	27012836	14263
Peak_19681	ENSG00000158246.7	27012836	18433
Peak_48262	ENSG00000158246.7	27012836	18433
Peak_37623	ENSG00000181773.6	27392643	9769
Peak_37107	ENSG00000158195.10	27490158	14348
Peak_59965	ENSG00000158195.10	27490158	14348
Peak_103285	ENSG00000158195.10	27490158	29392
Peak_119686	ENSG00000158195.10	27490158	32190
Peak_170374	ENSG00000158195.10	27490158	37884
Peak_31022	ENSG00000158195.10	27490158	37884
Peak_85827	ENSG00000158195.10	27490158	37884
Peak_92357	ENSG00000158195.10	27490158	37884
Peak_12504	ENSG00000126709.14	27672218	12689
Peak_203374	ENSG00000126709.14	27672218	12689
Peak_30588	ENSG00000126709.14	27672218	12689
Peak_140345	ENSG00000126709.14	27672218	9299
Peak_30611	ENSG00000126709.14	27672218	9299
Peak_11816	ENSG00000120656.11	28643085	4893
Peak_33350	ENSG00000120656.11	28643085	4893
Peak_8094	ENSG00000120656.11	28643085	4893
Peak_27446	ENSG00000116329.10	28812141	36993
Peak_39346	ENSG00000116329.10	28812141	36993
Peak_111025	ENSG00000253304.1	29123935	331
Peak_64266	ENSG00000253304.1	29123935	331
Peak_68360	ENSG00000253304.1	29123935	331
Peak_125448	ENSG00000162511.7	30757820	40786
Peak_68609	ENSG00000162511.7	30757820	40786
Peak_43358	ENSG00000162511.7	30757820	58815
Peak_171434	ENSG00000162511.7	30757820	65947
Peak_4847	ENSG00000162511.7	30757820	65947
Peak_7301	ENSG00000162511.7	30757820	65947
Peak_24227	ENSG00000162512.15	30908761	61294
Peak_12435	ENSG00000084628.9	31239554	84932
Peak_22236	ENSG00000084628.9	31239554	84932
Peak_35936	ENSG00000084628.9	31239554	84932
Peak_39320	ENSG00000084628.9	31239554	84932
Peak_23999	ENSG00000142910.15	31576484	2581
Peak_32651	ENSG00000142910.15	31576484	904
Peak_73885	ENSG00000142910.15	31576484	11345
Peak_78833	ENSG00000142910.15	31576484	11345
Peak_33897	ENSG00000142910.15	31576484	12089
Peak_87270	ENSG00000142910.15	31576484	12089
Peak_14721	ENSG00000084636.17	31704319	9996
Peak_202690	ENSG00000084636.17	31704319	9996
Peak_34822	ENSG00000084636.17	31704319	9996
Peak_6759	ENSG00000084636.17	31704319	9996
Peak_13886	ENSG00000121753.12	31764893	23257
Peak_15432	ENSG00000121753.12	31764893	23257
Peak_204926	ENSG00000121753.12	31764893	23257
Peak_76711	ENSG00000121753.12	31764893	23257
Peak_59916	ENSG00000134668.12	31816051	64233
Peak_50736	ENSG00000184007.17	31944856	63912
Peak_60252	ENSG00000184007.17	31944856	63912
Peak_95667	ENSG00000184007.17	31944856	63912
Peak_36682	ENSG00000184007.17	31944856	9861
Peak_45781	ENSG00000184007.17	31944856	9861
Peak_9458	ENSG00000184007.17	31944856	11110
Peak_20759	ENSG00000183615.5	32247232	7156
Peak_53229	ENSG00000183615.5	32247232	7156
Peak_34038	ENSG00000183615.5	32247232	6087
Peak_16964	ENSG00000160058.18	32394731	6127
Peak_164273	ENSG00000162520.14	32703596	12854
Peak_3040	ENSG00000162520.14	32703596	12854
Peak_76738	ENSG00000116514.16	32964685	31157
Peak_49261	ENSG00000116514.16	32964685	30614
Peak_46335	ENSG00000116514.16	32964685	8155
Peak_99107	ENSG00000116514.16	32964685	8155
Peak_15753	ENSG00000116514.16	32964685	16443
Peak_275255	ENSG00000116514.16	32964685	24501
Peak_50181	ENSG00000116514.16	32964685	24501
Peak_13224	ENSG00000116514.16	32964685	27728
Peak_235570	ENSG00000116514.16	32964685	27728
Peak_106948	ENSG00000116514.16	32964685	33332
Peak_52868	ENSG00000116514.16	32964685	42536
Peak_46707	ENSG00000160094.14	33256544	1051
Peak_65260	ENSG00000121903.14	33472644	16828
Peak_64615	ENSG00000142698.14	34166882	239567
Peak_12396	ENSG00000054116.11	36156053	31762
Peak_34282	ENSG00000054116.11	36156053	31762
Peak_146507	ENSG00000054118.13	36224415	24316
Peak_71256	ENSG00000054118.13	36224415	24316
Peak_42673	ENSG00000054118.13	36224415	21020
Peak_74448	ENSG00000054118.13	36224415	21020
Peak_32028	ENSG00000054118.13	36224415	17032
Peak_9081	ENSG00000196182.10	36385896	575
Peak_14689	ENSG00000119535.17	36483278	3336
Peak_30712	ENSG00000119535.17	36483278	3336
Peak_56951	ENSG00000163874.8	37474551	8919
Peak_30663	ENSG00000163874.8	37474551	2781
Peak_32158	ENSG00000163874.8	37474551	12623
Peak_98234	ENSG00000163874.8	37474551	12623
Peak_103416	ENSG00000183431.11	37990921	4843
Peak_37946	ENSG00000183431.11	37990921	4843
Peak_42892	ENSG00000116954.7	38859823	131525
Peak_23610	ENSG00000116985.10	39788861	29662
Peak_58509	ENSG00000168389.17	39955111	25427
Peak_75178	ENSG00000168389.17	39955111	32820
Peak_75179	ENSG00000084070.11	40344849	6032
Peak_9551	ENSG00000179862.6	40862366	5897
Peak_139976	ENSG00000179862.6	40862366	36796
Peak_20302	ENSG00000179862.6	40862366	36796
Peak_12717	ENSG00000179862.6	40862366	57025
Peak_195383	ENSG00000179862.6	40862366	57025
Peak_64825	ENSG00000171793.13	40979334	39540
Peak_64316	ENSG00000171793.13	40979334	34934
Peak_45129	ENSG00000171793.13	40979334	34421
Peak_74308	ENSG00000171793.13	40979334	34421
Peak_1868	ENSG00000204060.5	41361921	1010
Peak_93005	ENSG00000204060.5	41361921	1010
Peak_22582	ENSG00000204060.5	41361921	57001
Peak_16818	ENSG00000127129.9	41484673	52232
Peak_18948	ENSG00000127129.9	41484673	52232
Peak_25199	ENSG00000127129.9	41484673	52232
Peak_9670	ENSG00000127129.9	41484673	11537
Peak_9208	ENSG00000127129.9	41484673	15780
Peak_21586	ENSG00000127129.9	41484673	16987
Peak_48213	ENSG00000117394.19	42959173	35107
Peak_6858	ENSG00000117394.19	42959173	35107
Peak_78049	ENSG00000117394.19	42959173	35107
Peak_104909	ENSG00000196517.11	44031467	4483
Peak_103691	ENSG00000142945.12	44739817	9289
Peak_17981	ENSG00000142945.12	44739817	9289
Peak_26858	ENSG00000142945.12	44739817	9289
Peak_1525	ENSG00000188396.3	44806675	340
Peak_207022	ENSG00000188396.3	44806675	340
Peak_9209	ENSG00000188396.3	44806675	340
Peak_30276	ENSG00000278139.1	46176488	11029
Peak_23706	ENSG00000159658.10	46719064	689
Peak_43082	ENSG00000162366.7	47191044	11902
Peak_77078	ENSG00000162366.7	47191044	9053
Peak_12495	ENSG00000186564.5	47436016	41542
Peak_25619	ENSG00000186564.5	47436016	41542
Peak_30954	ENSG00000186564.5	47436016	71989
Peak_93188	ENSG00000186564.5	47436016	71989
Peak_41343	ENSG00000186564.5	47436016	122895
Peak_140307	ENSG00000269113.3	47996895	244880
Peak_20164	ENSG00000117859.18	51577178	7406
Peak_15803	ENSG00000162377.5	52698366	4568
Peak_6378	ENSG00000162377.5	52698366	4568
Peak_10002	ENSG00000162383.11	53142632	3133
Peak_31994	ENSG00000162383.11	53142632	3133
Peak_42955	ENSG00000157184.5	53196428	20061
Peak_98667	ENSG00000157184.5	53196428	20061
Peak_68207	ENSG00000157184.5	53196428	13067
Peak_141132	ENSG00000174332.5	53738106	940
Peak_20580	ENSG00000174332.5	53738106	940
Peak_7109	ENSG00000162390.17	54542256	54085
Peak_30124	ENSG00000162390.17	54542256	52965
Peak_25182	ENSG00000006555.10	54801267	262
Peak_5555	ENSG00000162402.13	55215113	213743
Peak_171555	ENSG00000184292.6	58577773	6397
Peak_83891	ENSG00000184292.6	58577773	6397
Peak_89000	ENSG00000184292.6	58577773	6397
Peak_14454	ENSG00000184292.6	58577773	40500
Peak_194643	ENSG00000184292.6	58577773	41562
Peak_73067	ENSG00000184292.6	58577773	41562
Peak_31893	ENSG00000184292.6	58577773	42502
Peak_21972	ENSG00000177606.6	58784327	11261
Peak_267218	ENSG00000177606.6	58784327	11261
Peak_24674	ENSG00000177606.6	58784327	29947
Peak_67415	ENSG00000177606.6	58784327	29947
Peak_8391	ENSG00000177606.6	58784327	29947
Peak_46876	ENSG00000177606.6	58784327	40417
Peak_19931	ENSG00000177606.6	58784327	40770
Peak_26929	ENSG00000177606.6	58784327	64511
Peak_72162	ENSG00000177606.6	58784327	64511
Peak_32118	ENSG00000177606.6	58784327	73953
Peak_97284	ENSG00000177606.6	58784327	73953
Peak_203560	ENSG00000177606.6	58784327	90534
Peak_30067	ENSG00000177606.6	58784327	90534
Peak_67157	ENSG00000177606.6	58784327	90534
Peak_88334	ENSG00000177606.6	58784327	90534
Peak_40983	ENSG00000177606.6	58784327	97177
Peak_37767	ENSG00000177606.6	58784327	99037
Peak_14967	ENSG00000177606.6	58784327	100731
Peak_50445	ENSG00000177606.6	58784327	100731
Peak_40877	ENSG00000177606.6	58784327	109191
Peak_51057	ENSG00000177606.6	58784327	109191
Peak_9834	ENSG00000177606.6	58784327	112326
Peak_2171	ENSG00000177606.6	58784327	119074
Peak_23168	ENSG00000177606.6	58784327	137944
Peak_8463	ENSG00000177606.6	58784327	148539
Peak_64415	ENSG00000177606.6	58784327	158414
Peak_69605	ENSG00000177606.6	58784327	158414
Peak_235218	ENSG00000177606.6	58784327	180102
Peak_56691	ENSG00000177606.6	58784327	180102
Peak_7537	ENSG00000177606.6	58784327	180102
Peak_53874	ENSG00000177606.6	58784327	192071
Peak_29609	ENSG00000177606.6	58784327	198205
Peak_21776	ENSG00000177606.6	58784327	228906
Peak_28376	ENSG00000177606.6	58784327	235902
Peak_85638	ENSG00000172456.17	59296637	252918
Peak_98191	ENSG00000172456.17	59296637	252918
Peak_72074	ENSG00000172456.17	59296637	234672
Peak_57375	ENSG00000172456.17	59296637	233811
Peak_25973	ENSG00000172456.17	59296637	145821
Peak_292260	ENSG00000172456.17	59296637	145821
Peak_65267	ENSG00000172456.17	59296637	92743
Peak_26889	ENSG00000162599.15	60865258	292135
Peak_169872	ENSG00000162604.12	61725423	87054
Peak_74062	ENSG00000162604.12	61725423	87054
Peak_48506	ENSG00000162604.12	61725423	83624
Peak_78545	ENSG00000162607.12	62436296	51572
Peak_86132	ENSG00000162607.12	62436296	50323
Peak_58916	ENSG00000116641.16	62688368	2118
Peak_18530	ENSG00000116641.16	62688368	18708
Peak_22481	ENSG00000116641.16	62688368	18708
Peak_48391	ENSG00000116641.16	62688368	18708
Peak_137939	ENSG00000185483.11	63774021	75746
Peak_42428	ENSG00000185483.11	63774021	75746
Peak_66405	ENSG00000185483.11	63774021	69476
Peak_8254	ENSG00000116717.11	67685060	112434
Peak_29005	ENSG00000172380.5	67833467	5200
Peak_33591	ENSG00000172380.5	67833467	7006
Peak_53162	ENSG00000172380.5	67833467	7006
Peak_137467	ENSG00000203943.8	84298365	26899
Peak_207863	ENSG00000203943.8	84298365	26899
Peak_25466	ENSG00000203943.8	84298365	25876
Peak_109487	ENSG00000097096.8	85201046	23819
Peak_22023	ENSG00000097096.8	85201046	23819
Peak_10434	ENSG00000142867.12	85277090	20609
Peak_52559	ENSG00000142867.12	85277090	20609
Peak_38912	ENSG00000142871.15	85580760	31191
Peak_20728	ENSG00000142871.15	85580760	48014
Peak_20823	ENSG00000142871.15	85580760	48014
Peak_47636	ENSG00000142871.15	85580760	48014
Peak_200486	ENSG00000097033.14	86704569	69738
Peak_87062	ENSG00000097033.14	86704569	69738
Peak_27185	ENSG00000097033.14	86704569	88198
Peak_27961	ENSG00000097033.14	86704569	88198
Peak_22817	ENSG00000143013.12	87328467	120809
Peak_21305	ENSG00000143013.12	87328467	477541
Peak_119095	ENSG00000154451.14	89272804	38487
Peak_137286	ENSG00000154451.14	89272804	38487
Peak_38722	ENSG00000154451.14	89272804	38487
Peak_169103	ENSG00000097046.12	91500892	68692
Peak_33014	ENSG00000097046.12	91500892	68692
Peak_7565	ENSG00000067208.14	92792404	12297
Peak_40738	ENSG00000137962.12	94275068	50527
Peak_59502	ENSG00000137962.12	94275068	50527
Peak_27870	ENSG00000117528.11	94418454	33673
Peak_58910	ENSG00000117525.13	94541800	9070
Peak_94180	ENSG00000117525.13	94541800	10567
Peak_28275	ENSG00000117525.13	94541800	21164
Peak_106038	ENSG00000117525.13	94541800	61137
Peak_50872	ENSG00000117525.13	94541800	66462
Peak_39743	ENSG00000117525.13	94541800	70294
Peak_33226	ENSG00000117525.13	94541800	79522
Peak_121294	ENSG00000117525.13	94541800	106460
Peak_21361	ENSG00000117525.13	94541800	106460
Peak_267933	ENSG00000117525.13	94541800	134635
Peak_51239	ENSG00000117525.13	94541800	134635
Peak_109068	ENSG00000143036.16	94820341	118398
Peak_88818	ENSG00000143036.16	94820341	118398
Peak_49425	ENSG00000143036.16	94820341	66574
Peak_16360	ENSG00000143036.16	94820341	37001
Peak_268554	ENSG00000143036.16	94820341	18452
Peak_292363	ENSG00000143036.16	94820341	18452
Peak_41907	ENSG00000143036.16	94820341	18452
Peak_23539	ENSG00000117519.15	94927278	22763
Peak_99215	ENSG00000117519.15	94927278	45063
Peak_40863	ENSG00000188641.12	97921049	328
Peak_64616	ENSG00000162688.15	99850083	41337
Peak_175431	ENSG00000143126.7	109250018	10097
Peak_84108	ENSG00000143126.7	109250018	10097
Peak_84468	ENSG00000143126.7	109250018	10097
Peak_97456	ENSG00000143126.7	109250018	10097
Peak_35231	ENSG00000198758.10	109764027	12885
Peak_22132	ENSG00000198758.10	109764027	19268
Peak_117942	ENSG00000198758.10	109764027	28211
Peak_55713	ENSG00000198758.10	109764027	29829
Peak_241640	ENSG00000198758.10	109764027	32886
Peak_53083	ENSG00000198758.10	109764027	32886
Peak_21150	ENSG00000198758.10	109764027	59822
Peak_38930	ENSG00000184371.13	109910241	33019
Peak_45586	ENSG00000184371.13	109910241	14395
Peak_22362	ENSG00000184371.13	109910241	20930
Peak_53123	ENSG00000184371.13	109910241	24148
Peak_46314	ENSG00000168710.17	109984685	24771
Peak_27423	ENSG00000156150.6	110070700	13638
Peak_74077	ENSG00000156150.6	110070700	13638
Peak_38740	ENSG00000116396.13	110211342	1460
Peak_6600	ENSG00000116396.13	110211342	1460
Peak_52866	ENSG00000143125.5	110451199	13172
Peak_110996	ENSG00000143125.5	110451199	25803
Peak_13124	ENSG00000143125.5	110451199	25803
Peak_29574	ENSG00000143125.5	110451199	27109
Peak_18431	ENSG00000143105.6	110518838	11061
Peak_198636	ENSG00000143105.6	110518838	11061
Peak_75075	ENSG00000143105.6	110518838	11061
Peak_16792	ENSG00000134255.13	111139626	29369
Peak_208194	ENSG00000171385.9	111989155	1728
Peak_23900	ENSG00000171385.9	111989155	1728
Peak_50078	ENSG00000171385.9	111989155	1728
Peak_29242	ENSG00000143079.14	112396180	2000
Peak_147597	ENSG00000155380.11	112957013	41796
Peak_25823	ENSG00000155380.11	112957013	41796
Peak_39695	ENSG00000198799.11	113073208	143531
Peak_77259	ENSG00000197323.10	114511160	165010
Peak_243591	ENSG00000163399.15	116372667	130006
Peak_55633	ENSG00000163399.15	116372667	130006
Peak_105145	ENSG00000163399.15	116372667	129024
Peak_118944	ENSG00000163399.15	116372667	129024
Peak_38191	ENSG00000163399.15	116372667	60681
Peak_205443	ENSG00000163399.15	116372667	45585
Peak_22115	ENSG00000163399.15	116372667	45585
Peak_27725	ENSG00000134247.9	116910056	56354
Peak_84469	ENSG00000134247.9	116910056	30635
Peak_42697	ENSG00000134258.16	117210960	20885
Peak_29643	ENSG00000183508.4	117605933	43306
Peak_31430	ENSG00000183508.4	117605933	43306
Peak_18625	ENSG00000183508.4	117605933	35061
Peak_20239	ENSG00000183508.4	117605933	35061
Peak_79629	ENSG00000183508.4	117605933	15594
Peak_13618	ENSG00000183508.4	117605933	14661
Peak_19422	ENSG00000183508.4	117605933	26364
Peak_22508	ENSG00000183508.4	117605933	26364
Peak_107791	ENSG00000183508.4	117605933	68585
Peak_36462	ENSG00000183508.4	117605933	69100
Peak_144149	ENSG00000265808.3	120176515	3501
Peak_207492	ENSG00000265808.3	120176515	3501
Peak_4315	ENSG00000121851.12	145964701	14603
Peak_104011	ENSG00000265972.5	145996600	10676
Peak_71435	ENSG00000265972.5	145996600	566
Peak_24578	ENSG00000168509.18	146021918	13574
Peak_43324	ENSG00000131791.7	147172550	87875
Peak_54878	ENSG00000131791.7	147172550	87875
Peak_45833	ENSG00000116128.9	147541411	2294
Peak_111296	ENSG00000263956.5	148152322	110869
Peak_148758	ENSG00000263956.5	148152322	110869
Peak_175817	ENSG00000263956.5	148152322	110869
Peak_49800	ENSG00000118298.10	150257158	1731
Peak_5404	ENSG00000143369.14	150508061	7108
Peak_60251	ENSG00000143382.13	150549368	20326
Peak_45785	ENSG00000143382.13	150549368	17125
Peak_51045	ENSG00000143382.13	150549368	17125
Peak_12184	ENSG00000143382.13	150549368	11617
Peak_2140	ENSG00000143382.13	150549368	11617
Peak_7633	ENSG00000143382.13	150549368	12599
Peak_10454	ENSG00000143384.12	150579738	11575
Peak_21171	ENSG00000143418.19	150975004	2344
Peak_59857	ENSG00000143412.9	150982016	787
Peak_14825	ENSG00000143434.15	151146664	15383
Peak_16301	ENSG00000143365.16	151831872	728
Peak_22514	ENSG00000225556.1	151840557	4043
Peak_14504	ENSG00000225556.1	151840557	3677
Peak_46232	ENSG00000159445.12	151909808	34596
Peak_41859	ENSG00000159445.12	151909808	35984
Peak_16513	ENSG00000197747.8	151994390	21391
Peak_203559	ENSG00000197956.9	153536244	29571
Peak_43374	ENSG00000197956.9	153536244	29571
Peak_19049	ENSG00000197956.9	153536244	20662
Peak_269988	ENSG00000197956.9	153536244	20662
Peak_20969	ENSG00000197956.9	153536244	3052
Peak_51299	ENSG00000196754.10	153567890	599
Peak_31044	ENSG00000189334.8	153616986	641
Peak_53058	ENSG00000160679.12	153633981	568
Peak_51223	ENSG00000143553.10	153658653	9466
Peak_60824	ENSG00000169418.9	153678636	879
Peak_57145	ENSG00000169418.9	153678636	18624
Peak_54829	ENSG00000169418.9	153678636	19309
Peak_76849	ENSG00000169418.9	153678636	19309
Peak_78018	ENSG00000169418.9	153678636	19309
Peak_27172	ENSG00000143554.13	153774353	8985
Peak_9332	ENSG00000143554.13	153774353	8985
Peak_19059	ENSG00000143515.16	154325552	26780
Peak_198278	ENSG00000143515.16	154325552	26780
Peak_24999	ENSG00000143515.16	154325552	26780
Peak_30992	ENSG00000143515.16	154325552	26780
Peak_69681	ENSG00000143515.16	154325552	26780
Peak_18382	ENSG00000169242.11	155127459	1582
Peak_108956	ENSG00000163463.11	155173475	6936
Peak_60703	ENSG00000163463.11	155173475	6936
Peak_36096	ENSG00000163463.11	155173475	5604
Peak_14977	ENSG00000185499.16	155192916	1500
Peak_88295	ENSG00000185499.16	155192916	1500
Peak_56395	ENSG00000177628.15	155244699	17736
Peak_1599	ENSG00000177628.15	155244699	17332
Peak_175455	ENSG00000173080.5	155941709	1179
Peak_30831	ENSG00000173080.5	155941709	1179
Peak_16826	ENSG00000125462.16	156430701	25770
Peak_2156	ENSG00000125462.16	156430701	25770
Peak_76873	ENSG00000125462.16	156430701	25770
Peak_8369	ENSG00000125462.16	156430701	25770
Peak_29703	ENSG00000116604.17	156500828	2564
Peak_33670	ENSG00000116604.17	156500828	4122
Peak_148783	ENSG00000132702.12	156619293	2820
Peak_13435	ENSG00000132688.10	156677397	17406
Peak_26342	ENSG00000132688.10	156677397	16054
Peak_64939	ENSG00000143320.8	156705816	219
Peak_79458	ENSG00000143320.8	156705816	219
Peak_19623	ENSG00000187800.13	156893697	1350
Peak_13029	ENSG00000117036.11	157138474	16424
Peak_49554	ENSG00000117036.11	157138474	16424
Peak_19478	ENSG00000117036.11	157138474	101978
Peak_9950	ENSG00000117036.11	157138474	101978
Peak_146929	ENSG00000183853.17	157993272	1210
Peak_69212	ENSG00000183853.17	157993272	1210
Peak_17254	ENSG00000158473.6	158179946	30293
Peak_3448	ENSG00000213085.9	159900163	10226
Peak_30505	ENSG00000158710.14	159925732	9493
Peak_32017	ENSG00000162729.13	160098943	2155
Peak_28208	ENSG00000162739.13	160523262	15625
Peak_30937	ENSG00000162739.13	160523262	15625
Peak_19087	ENSG00000162739.13	160523262	16962
Peak_89302	ENSG00000188931.3	161367874	14688
Peak_93477	ENSG00000188931.3	161367874	14688
Peak_45705	ENSG00000162733.16	162631372	17612
Peak_11215	ENSG00000185860.13	162868815	5202
Peak_29608	ENSG00000162761.14	165356715	19320
Peak_48170	ENSG00000162761.14	165356715	19320
Peak_56975	ENSG00000162761.14	165356715	19320
Peak_206914	ENSG00000143198.12	165630860	32902
Peak_3158	ENSG00000143198.12	165630860	32902
Peak_39836	ENSG00000198771.10	167630092	2490
Peak_54799	ENSG00000198771.10	167630092	2490
Peak_71680	ENSG00000198771.10	167630092	2490
Peak_24816	ENSG00000143199.17	167914215	1394
Peak_20243	ENSG00000143184.4	168576472	55214
Peak_48674	ENSG00000143196.4	168729264	39472
Peak_71813	ENSG00000143196.4	168729264	39472
Peak_31272	ENSG00000143196.4	168729264	36086
Peak_34882	ENSG00000143196.4	168729264	36086
Peak_44044	ENSG00000143196.4	168729264	105075
Peak_43631	ENSG00000143196.4	168729264	177825
Peak_18618	ENSG00000143153.12	169105696	185267
Peak_45437	ENSG00000143153.12	169105696	132875
Peak_24229	ENSG00000143153.12	169105696	2249
Peak_45450	ENSG00000094963.13	171185207	43740
Peak_84235	ENSG00000094963.13	171185207	43740
Peak_109151	ENSG00000094963.13	171185207	43058
Peak_66229	ENSG00000094963.13	171185207	43058
Peak_13318	ENSG00000117560.7	172659017	87148
Peak_240773	ENSG00000117560.7	172659017	87148
Peak_55237	ENSG00000117560.7	172659017	167084
Peak_57179	ENSG00000117560.7	172659017	167084
Peak_22660	ENSG00000120337.8	173050963	117082
Peak_47481	ENSG00000120337.8	173050963	117082
Peak_23533	ENSG00000117592.8	173477265	47748
Peak_14880	ENSG00000117592.8	173477265	47321
Peak_12788	ENSG00000117592.8	173477265	25267
Peak_67960	ENSG00000117601.13	173917378	8302
Peak_73935	ENSG00000235750.9	175192999	7948
Peak_203039	ENSG00000120341.18	177984303	166237
Peak_60047	ENSG00000120341.18	177984303	166237
Peak_106486	ENSG00000120341.18	177984303	112231
Peak_42994	ENSG00000120341.18	177984303	112231
Peak_63008	ENSG00000120341.18	177984303	112231
Peak_36156	ENSG00000120341.18	177984303	53217
Peak_6722	ENSG00000120341.18	177984303	53217
Peak_14224	ENSG00000116199.11	179025803	8816
Peak_15390	ENSG00000162782.15	179591612	5420
Peak_58119	ENSG00000162782.15	179591612	5420
Peak_16661	ENSG00000162783.10	181088711	23721
Peak_146068	ENSG00000162783.10	181088711	47750
Peak_85430	ENSG00000162783.10	181088711	47750
Peak_14640	ENSG00000162783.10	181088711	53800
Peak_74709	ENSG00000162783.10	181088711	63207
Peak_14334	ENSG00000162783.10	181088711	64192
Peak_1581	ENSG00000179930.5	182061712	32515
Peak_3270	ENSG00000179930.5	182061712	32515
Peak_65156	ENSG00000179930.5	182061712	52106
Peak_18091	ENSG00000179930.5	182061712	58889
Peak_43073	ENSG00000179930.5	182061712	60045
Peak_36832	ENSG00000179930.5	182061712	81567
Peak_13356	ENSG00000179930.5	182061712	82303
Peak_23117	ENSG00000179930.5	182061712	82303
Peak_26772	ENSG00000179930.5	182061712	82303
Peak_27467	ENSG00000179930.5	182061712	84677
Peak_58164	ENSG00000179930.5	182061712	135921
Peak_74248	ENSG00000179930.5	182061712	145257
Peak_52363	ENSG00000135821.16	182392206	132976
Peak_55436	ENSG00000135821.16	182392206	132976
Peak_108606	ENSG00000135821.16	182392206	102236
Peak_40629	ENSG00000135821.16	182392206	102236
Peak_59891	ENSG00000135821.16	182392206	76934
Peak_108845	ENSG00000135821.16	182392206	43310
Peak_29452	ENSG00000143333.6	182604408	10370
Peak_31511	ENSG00000143333.6	182604408	10370
Peak_84431	ENSG00000143333.6	182604408	11744
Peak_176034	ENSG00000058085.14	183186237	5608
Peak_44417	ENSG00000058085.14	183186237	5608
Peak_9888	ENSG00000116406.18	184754913	122126
Peak_24124	ENSG00000143341.11	185734550	199744
Peak_11176	ENSG00000143341.11	185734550	140379
Peak_241879	ENSG00000143341.11	185734550	140379
Peak_24967	ENSG00000143341.11	185734550	140379
Peak_19961	ENSG00000090104.11	192575726	44624
Peak_35356	ENSG00000090104.11	192575726	35929
Peak_67630	ENSG00000162630.5	193186654	73031
Peak_13624	ENSG00000162630.5	193186654	168485
Peak_62654	ENSG00000162630.5	193186654	231853
Peak_236318	ENSG00000116852.14	201023700	4630
Peak_236683	ENSG00000116852.14	201023700	4630
Peak_88300	ENSG00000116852.14	201023700	4630
Peak_58555	ENSG00000174307.6	201469237	18558
Peak_83884	ENSG00000174307.6	201469237	18558
Peak_17369	ENSG00000174307.6	201469237	8245
Peak_30587	ENSG00000174307.6	201469237	7497
Peak_19991	ENSG00000174307.6	201469237	11178
Peak_25342	ENSG00000174307.6	201469237	11178
Peak_110163	ENSG00000174307.6	201469237	12500
Peak_122433	ENSG00000174307.6	201469237	12500
Peak_16114	ENSG00000174307.6	201469237	12500
Peak_59048	ENSG00000159176.13	201509456	2488
Peak_59532	ENSG00000159176.13	201509456	2488
Peak_31778	ENSG00000159176.13	201509456	3506
Peak_30541	ENSG00000159176.13	201509456	29157
Peak_79260	ENSG00000159176.13	201509456	30640
Peak_4067	ENSG00000134369.15	201622884	25277
Peak_25540	ENSG00000163435.15	202007944	15100
Peak_8754	ENSG00000163435.15	202007944	26556
Peak_9488	ENSG00000163435.15	202007944	38242
Peak_140641	ENSG00000163435.15	202007944	38855
Peak_92866	ENSG00000163435.15	202007944	39220
Peak_32508	ENSG00000170075.8	202122857	46828
Peak_15545	ENSG00000170075.8	202122857	37675
Peak_84831	ENSG00000170075.8	202122857	36958
Peak_7295	ENSG00000170075.8	202122857	16565
Peak_58426	ENSG00000170075.8	202122857	15873
Peak_9981	ENSG00000170075.8	202122857	15873
Peak_35098	ENSG00000170075.8	202122857	9969
Peak_73238	ENSG00000170075.8	202122857	9969
Peak_29665	ENSG00000133063.15	203273641	4772
Peak_54158	ENSG00000133063.15	203273641	4772
Peak_42301	ENSG00000133063.15	203273641	13516
Peak_88775	ENSG00000133063.15	203273641	13516
Peak_8662	ENSG00000159388.5	203305490	15192
Peak_124359	ENSG00000159388.5	203305490	14258
Peak_163011	ENSG00000159388.5	203305490	14258
Peak_4641	ENSG00000159388.5	203305490	11029
Peak_23958	ENSG00000159388.5	203305490	15525
Peak_63317	ENSG00000159388.5	203305490	17316
Peak_10522	ENSG00000159388.5	203305490	21562
Peak_25836	ENSG00000159388.5	203305490	21562
Peak_33529	ENSG00000159388.5	203305490	21562
Peak_276978	ENSG00000122176.10	203351489	57031
Peak_51316	ENSG00000122176.10	203351489	57031
Peak_202716	ENSG00000188770.9	203494142	42587
Peak_49946	ENSG00000188770.9	203494142	42587
Peak_15722	ENSG00000188770.9	203494142	43796
Peak_32254	ENSG00000188770.9	203494142	64194
Peak_37386	ENSG00000182004.12	203861602	1214
Peak_57359	ENSG00000143845.14	204152003	22870
Peak_66347	ENSG00000143850.12	204377665	5552
Peak_15111	ENSG00000158615.8	204411791	5348
Peak_50654	ENSG00000158615.8	204411791	5348
Peak_68166	ENSG00000158615.8	204411791	5348
Peak_25617	ENSG00000163545.8	205321791	37127
Peak_164974	ENSG00000163545.8	205321791	27749
Peak_78149	ENSG00000163545.8	205321791	27749
Peak_46147	ENSG00000163545.8	205321791	20598
Peak_34999	ENSG00000162873.14	205357090	8887
Peak_24331	ENSG00000186007.9	205457091	20378
Peak_81211	ENSG00000186007.9	205457091	20378
Peak_42303	ENSG00000117266.15	205504594	11350
Peak_16185	ENSG00000174514.12	205568884	25638
Peak_64606	ENSG00000174514.12	205568884	25638
Peak_72983	ENSG00000174514.12	205568884	25638
Peak_97983	ENSG00000174514.12	205568884	25638
Peak_28264	ENSG00000276600.4	206003461	1871
Peak_137610	ENSG00000266094.6	206507529	6385
Peak_27284	ENSG00000266094.6	206507529	6385
Peak_105127	ENSG00000162896.5	206946466	5773
Peak_245337	ENSG00000162896.5	206946466	6656
Peak_63855	ENSG00000162896.5	206946466	7267
Peak_38850	ENSG00000182795.12	207032756	27668
Peak_124659	ENSG00000196352.14	207321507	11788
Peak_75134	ENSG00000196352.14	207321507	11788
Peak_35182	ENSG00000196352.14	207321507	4850
Peak_41157	ENSG00000117335.18	207752056	53799
Peak_105771	ENSG00000117335.18	207752056	55317
Peak_68095	ENSG00000117335.18	207752056	55317
Peak_68752	ENSG00000117335.18	207752056	55317
Peak_202383	ENSG00000117335.18	207752056	59917
Peak_29097	ENSG00000117335.18	207752056	59917
Peak_92750	ENSG00000117335.18	207752056	64708
Peak_11219	ENSG00000117335.18	207752056	71765
Peak_196171	ENSG00000117335.18	207752056	73662
Peak_32381	ENSG00000117335.18	207752056	73662
Peak_28819	ENSG00000117335.18	207752056	74505
Peak_32851	ENSG00000117335.18	207752056	76569
Peak_58685	ENSG00000117335.18	207752056	78801
Peak_9505	ENSG00000174059.16	207911402	73086
Peak_15385	ENSG00000174059.16	207911402	63187
Peak_78040	ENSG00000174059.16	207911402	44515
Peak_35704	ENSG00000174059.16	207911402	43171
Peak_16145	ENSG00000174059.16	207911402	42674
Peak_68733	ENSG00000174059.16	207911402	42674
Peak_84602	ENSG00000174059.16	207911402	11193
Peak_105778	ENSG00000174059.16	207911402	52099
Peak_1946	ENSG00000174059.16	207911402	52099
Peak_31314	ENSG00000076356.6	208244320	953
Peak_6051	ENSG00000196878.12	209652466	534
Peak_71118	ENSG00000196878.12	209652466	1513
Peak_32599	ENSG00000082497.11	210232798	18473
Peak_41116	ENSG00000082497.11	210232798	18473
Peak_13987	ENSG00000082497.11	210232798	19794
Peak_17675	ENSG00000054392.12	210328251	35903
Peak_94116	ENSG00000054392.12	210328251	35903
Peak_26241	ENSG00000054392.12	210328251	17105
Peak_16701	ENSG00000198570.5	211492917	21130
Peak_9143	ENSG00000198570.5	211492917	22287
Peak_25064	ENSG00000117650.12	211675630	32090
Peak_72991	ENSG00000123684.12	211830772	98278
Peak_32220	ENSG00000066027.11	212285536	46888
Peak_52920	ENSG00000066027.11	212285536	46888
Peak_69567	ENSG00000066027.11	212285536	42940
Peak_30339	ENSG00000066027.11	212285536	24056
Peak_171734	ENSG00000117691.9	212432886	52933
Peak_207598	ENSG00000117691.9	212432886	52933
Peak_27481	ENSG00000117691.9	212432886	52933
Peak_34851	ENSG00000162772.16	212565333	7037
Peak_6590	ENSG00000162772.16	212565333	7037
Peak_95641	ENSG00000123685.8	212699985	422
Peak_167317	ENSG00000092969.11	218346234	1328
Peak_51213	ENSG00000092969.11	218346234	1328
Peak_87780	ENSG00000092969.11	218346234	1328
Peak_55588	ENSG00000092969.11	218346234	113781
Peak_124855	ENSG00000117791.15	220748224	15804
Peak_199415	ENSG00000117791.15	220748224	15804
Peak_11490	ENSG00000154309.8	222872270	57730
Peak_35649	ENSG00000154309.8	222872270	57730
Peak_173692	ENSG00000187554.11	223143282	37614
Peak_121060	ENSG00000162909.17	223701592	621
Peak_18773	ENSG00000162909.17	223701592	621
Peak_26586	ENSG00000143514.16	223845972	69929
Peak_43612	ENSG00000143753.12	224175755	29704
Peak_6794	ENSG00000143815.14	225428925	15788
Peak_10187	ENSG00000154380.17	225653142	41018
Peak_23358	ENSG00000143742.12	225777812	42390
Peak_11558	ENSG00000143742.12	225777812	31138
Peak_31290	ENSG00000143742.12	225777812	22918
Peak_97906	ENSG00000143742.12	225777812	22538
Peak_7232	ENSG00000143742.12	225777812	5459
Peak_32710	ENSG00000163041.9	226061850	27291
Peak_11726	ENSG00000163041.9	226061850	21138
Peak_34281	ENSG00000163041.9	226061850	21138
Peak_38235	ENSG00000163041.9	226061850	21138
Peak_49717	ENSG00000163041.9	226061850	21138
Peak_105716	ENSG00000163041.9	226061850	47731
Peak_14896	ENSG00000163041.9	226061850	47731
Peak_29732	ENSG00000163041.9	226061850	47731
Peak_73909	ENSG00000163041.9	226061850	47731
Peak_7661	ENSG00000163041.9	226061850	47731
Peak_7492	ENSG00000182827.8	226186730	59025
Peak_38244	ENSG00000182827.8	226186730	53706
Peak_68853	ENSG00000182827.8	226186730	53706
Peak_22897	ENSG00000182827.8	226186730	51886
Peak_25175	ENSG00000182827.8	226186730	51886
Peak_171362	ENSG00000183814.15	226309869	40166
Peak_31139	ENSG00000183814.15	226309869	40166
Peak_165755	ENSG00000143801.16	226870183	42840
Peak_299149	ENSG00000143801.16	226870183	42840
Peak_96154	ENSG00000143801.16	226870183	42840
Peak_15424	ENSG00000143776.18	227318474	38773
Peak_173567	ENSG00000143776.18	227318474	38773
Peak_199861	ENSG00000143776.18	227318474	38773
Peak_238067	ENSG00000143776.18	227318474	38773
Peak_55468	ENSG00000143776.18	227318474	110456
Peak_30962	ENSG00000143776.18	227318474	113451
Peak_52709	ENSG00000185888.5	227815692	28154
Peak_3090	ENSG00000185888.5	227815692	27798
Peak_71546	ENSG00000185888.5	227815692	27798
Peak_9911	ENSG00000185888.5	227815692	27798
Peak_13180	ENSG00000116574.5	228735076	95058
Peak_60101	ENSG00000116574.5	228735076	96078
Peak_16912	ENSG00000116574.5	228735076	102764
Peak_18143	ENSG00000116574.5	228735076	102764
Peak_25202	ENSG00000116574.5	228735076	102764
Peak_20610	ENSG00000116574.5	228735076	125787
Peak_26303	ENSG00000116574.5	228735076	125787
Peak_106525	ENSG00000116574.5	228735076	167808
Peak_20541	ENSG00000116574.5	228735076	167808
Peak_107895	ENSG00000116574.5	228735076	229427
Peak_92656	ENSG00000116574.5	228735076	255512
Peak_105482	ENSG00000177800.2	229249635	191371
Peak_67819	ENSG00000177800.2	229249635	191371
Peak_25795	ENSG00000177800.2	229249635	179442
Peak_273614	ENSG00000177800.2	229249635	141157
Peak_44600	ENSG00000177800.2	229249635	84879
Peak_56855	ENSG00000177800.2	229249635	84879
Peak_15316	ENSG00000177800.2	229249635	41633
Peak_15801	ENSG00000177800.2	229249635	28384
Peak_23595	ENSG00000177800.2	229249635	28384
Peak_18418	ENSG00000177800.2	229249635	20423
Peak_237899	ENSG00000177800.2	229249635	20423
Peak_72344	ENSG00000177800.2	229249635	20423
Peak_57130	ENSG00000143632.14	229434098	23213
Peak_31468	ENSG00000143632.14	229434098	22943
Peak_16550	ENSG00000135776.4	229558695	23371
Peak_85575	ENSG00000135776.4	229558695	23371
Peak_36204	ENSG00000135775.13	230642488	70275
Peak_50450	ENSG00000135775.13	230642488	69660
Peak_13332	ENSG00000119280.16	230869589	44532
Peak_28788	ENSG00000119280.16	230869589	44532
Peak_164468	ENSG00000116991.10	232561558	68159
Peak_41407	ENSG00000116991.10	232561558	68159
Peak_52245	ENSG00000116991.10	232561558	68159
Peak_6142	ENSG00000116991.10	232561558	68159
Peak_108957	ENSG00000116991.10	232561558	116699
Peak_14804	ENSG00000116991.10	232561558	116699
Peak_43498	ENSG00000212916.4	232804891	100263
Peak_32880	ENSG00000212916.4	232804891	37628
Peak_89391	ENSG00000212916.4	232804891	37628
Peak_11178	ENSG00000135750.14	233614003	93167
Peak_269799	ENSG00000135750.14	233614003	93167
Peak_85567	ENSG00000135750.14	233614003	93167
Peak_23519	ENSG00000059588.9	234479103	20005
Peak_103433	ENSG00000059588.9	234479103	20598
Peak_16666	ENSG00000059588.9	234479103	44476
Peak_52303	ENSG00000059588.9	234479103	51932
Peak_80035	ENSG00000059588.9	234479103	52625
Peak_80323	ENSG00000059588.9	234479103	52625
Peak_36769	ENSG00000059588.9	234479103	56709
Peak_292868	ENSG00000059588.9	234479103	65071
Peak_72017	ENSG00000059588.9	234479103	65071
Peak_119068	ENSG00000168264.10	234609525	64872
Peak_243259	ENSG00000168264.10	234609525	64872
Peak_41342	ENSG00000168264.10	234609525	64872
Peak_12525	ENSG00000168264.10	234609525	9821
Peak_3863	ENSG00000168264.10	234609525	9821
Peak_38382	ENSG00000168264.10	234609525	8952
Peak_43680	ENSG00000168264.10	234609525	6710
Peak_21012	ENSG00000168264.10	234609525	1132
Peak_3470	ENSG00000168264.10	234609525	1132
Peak_9017	ENSG00000168264.10	234609525	1132
Peak_17215	ENSG00000168264.10	234609525	3083
Peak_145826	ENSG00000168264.10	234609525	14304
Peak_37968	ENSG00000168264.10	234609525	14743
Peak_73550	ENSG00000168264.10	234609525	47811
Peak_32990	ENSG00000168264.10	234609525	48671
Peak_95699	ENSG00000279261.1	234760056	59839
Peak_103417	ENSG00000279261.1	234760056	52378
Peak_16014	ENSG00000279261.1	234760056	36413
Peak_21532	ENSG00000279261.1	234760056	36413
Peak_25401	ENSG00000279261.1	234760056	36413
Peak_3887	ENSG00000279261.1	234760056	36413
Peak_14102	ENSG00000279261.1	234760056	8852
Peak_30628	ENSG00000279261.1	234760056	12410
Peak_56061	ENSG00000279261.1	234760056	102999
Peak_31681	ENSG00000279261.1	234760056	115597
Peak_18752	ENSG00000279261.1	234760056	116232
Peak_43375	ENSG00000279261.1	234760056	139060
Peak_45049	ENSG00000279261.1	234760056	157967
Peak_87590	ENSG00000279261.1	234760056	157967
Peak_87464	ENSG00000279261.1	234760056	159165
Peak_50164	ENSG00000279261.1	234760056	165690
Peak_45500	ENSG00000173726.10	235128936	173720
Peak_39206	ENSG00000173726.10	235128936	171517
Peak_19851	ENSG00000173726.10	235128936	168291
Peak_87726	ENSG00000173726.10	235128936	167061
Peak_60828	ENSG00000173726.10	235128936	165641
Peak_232150	ENSG00000173726.10	235128936	159208
Peak_72859	ENSG00000173726.10	235128936	159208
Peak_44350	ENSG00000173726.10	235128936	158571
Peak_53467	ENSG00000173726.10	235128936	158571
Peak_269818	ENSG00000173726.10	235128936	150405
Peak_78134	ENSG00000173726.10	235128936	150405
Peak_20356	ENSG00000173726.10	235128936	148329
Peak_29020	ENSG00000173726.10	235128936	148329
Peak_26257	ENSG00000173726.10	235128936	141611
Peak_13717	ENSG00000173726.10	235128936	131823
Peak_167221	ENSG00000173726.10	235128936	81210
Peak_39613	ENSG00000173726.10	235128936	81210
Peak_45079	ENSG00000173726.10	235128936	81210
Peak_25004	ENSG00000173726.10	235128936	66480
Peak_17484	ENSG00000173726.10	235128936	61409
Peak_42526	ENSG00000173726.10	235128936	60688
Peak_48473	ENSG00000173726.10	235128936	58853
Peak_16118	ENSG00000173726.10	235128936	55533
Peak_20126	ENSG00000173726.10	235128936	55533
Peak_48031	ENSG00000173726.10	235128936	55533
Peak_33745	ENSG00000173726.10	235128936	53697
Peak_8490	ENSG00000173726.10	235128936	49422
Peak_198042	ENSG00000173726.10	235128936	45783
Peak_11937	ENSG00000173726.10	235128936	45223
Peak_93167	ENSG00000143669.13	235883640	9111
Peak_108106	ENSG00000143669.13	235883640	19233
Peak_122471	ENSG00000143669.13	235883640	19233
Peak_147755	ENSG00000143669.13	235883640	36347
Peak_62110	ENSG00000143669.13	235883640	36347
Peak_62289	ENSG00000143669.13	235883640	48510
Peak_12923	ENSG00000244020.2	237004418	8346
Peak_14930	ENSG00000244020.2	237004418	8346
Peak_27532	ENSG00000182901.15	241357230	66507
Peak_36795	ENSG00000182901.15	241357230	66507
Peak_39979	ENSG00000182901.15	241357230	66507
Peak_80473	ENSG00000182901.15	241357230	66507
Peak_176495	ENSG00000117020.16	243851079	66177
Peak_65255	ENSG00000117020.16	243851079	66177
Peak_63586	ENSG00000173728.10	244352634	27535
Peak_55720	ENSG00000203666.12	244969704	5345
Peak_141131	ENSG00000188295.14	247104372	7256
Peak_17804	ENSG00000188295.14	247104372	7256
Peak_60462	ENSG00000188295.14	247104372	7256
Peak_13362	ENSG00000171163.15	248859144	3771
Peak_23629	ENSG00000171163.15	248859144	3771
